2025-04-22 14:10:14,501 Worker rq:worker:5b5f062ccd69488cafe0b5bd60c201e8 started with PID 4481, version 2.3.2
2025-04-22 14:10:14,505 Subscribing to channel rq:pubsub:5b5f062ccd69488cafe0b5bd60c201e8
2025-04-22 14:10:14,551 *** Listening on home-ninah-Eval-erp-ERPNext-me-erp-git-frappe:short, home-ninah-Eval-erp-ERPNext-me-erp-git-frappe:default, home-ninah-Eval-erp-ERPNext-me-erp-git-frappe:long...
2025-04-22 14:10:14,563 Cleaning registries for queue: home-ninah-Eval-erp-ERPNext-me-erp-git-frappe:short
2025-04-22 14:10:14,595 Cleaning registries for queue: home-ninah-Eval-erp-ERPNext-me-erp-git-frappe:default
2025-04-22 14:10:14,600 Cleaning registries for queue: home-ninah-Eval-erp-ERPNext-me-erp-git-frappe:long
2025-04-22 14:15:31,050 home-ninah-Eval-erp-ERPNext-me-erp-git-frappe:default: frappe.utils.background_jobs.execute_job(event=None, is_async=True, job_name='frappe.model.delete_doc.delete_dynamic_links', kwargs={'doctype': 'Property Setter', 'name': 'Sales Order-tax_id-hidden'}, method='frappe.model.delete_doc.delete_dynamic_links', site='erpnext.localhost', user='Administrator') (erpnext.localhost||da60af2a-8fce-469f-b100-ace7b760be5b)
2025-04-22 14:15:31,096 home-ninah-Eval-erp-ERPNext-me-erp-git-frappe:default: frappe.utils.background_jobs.execute_job(event=None, is_async=True, job_name='frappe.model.delete_doc.delete_dynamic_links', kwargs={'doctype': 'Property Setter', 'name': 'Sales Order-tax_id-print_hide'}, method='frappe.model.delete_doc.delete_dynamic_links', site='erpnext.localhost', user='Administrator') (erpnext.localhost||a1e70810-179c-4b5c-bf23-74a92838b9f2)
2025-04-22 14:15:31,117 home-ninah-Eval-erp-ERPNext-me-erp-git-frappe:default: frappe.utils.background_jobs.execute_job(event=None, is_async=True, job_name='frappe.model.delete_doc.delete_dynamic_links', kwargs={'doctype': 'Property Setter', 'name': 'Sales Invoice-tax_id-hidden'}, method='frappe.model.delete_doc.delete_dynamic_links', site='erpnext.localhost', user='Administrator') (erpnext.localhost||6ab09245-163f-4300-80f5-381bbc8e0422)
2025-04-22 14:15:31,137 home-ninah-Eval-erp-ERPNext-me-erp-git-frappe:default: frappe.utils.background_jobs.execute_job(event=None, is_async=True, job_name='frappe.model.delete_doc.delete_dynamic_links', kwargs={'doctype': 'Property Setter', 'name': 'Sales Invoice-tax_id-print_hide'}, method='frappe.model.delete_doc.delete_dynamic_links', site='erpnext.localhost', user='Administrator') (erpnext.localhost||72655f0e-e3e3-4258-82f5-f6b0db51921d)
2025-04-22 14:15:31,161 home-ninah-Eval-erp-ERPNext-me-erp-git-frappe:default: frappe.utils.background_jobs.execute_job(event=None, is_async=True, job_name='frappe.model.delete_doc.delete_dynamic_links', kwargs={'doctype': 'Property Setter', 'name': 'Delivery Note-tax_id-hidden'}, method='frappe.model.delete_doc.delete_dynamic_links', site='erpnext.localhost', user='Administrator') (erpnext.localhost||00f53c5c-15fc-43a9-95b0-e1d405b159b0)
2025-04-22 14:15:31,182 home-ninah-Eval-erp-ERPNext-me-erp-git-frappe:default: frappe.utils.background_jobs.execute_job(event=None, is_async=True, job_name='frappe.model.delete_doc.delete_dynamic_links', kwargs={'doctype': 'Property Setter', 'name': 'Delivery Note-tax_id-print_hide'}, method='frappe.model.delete_doc.delete_dynamic_links', site='erpnext.localhost', user='Administrator') (erpnext.localhost||735a3554-3d76-4c71-a971-16b636a2e774)
2025-04-22 14:15:31,204 home-ninah-Eval-erp-ERPNext-me-erp-git-frappe:default: frappe.utils.background_jobs.execute_job(event=None, is_async=True, job_name='frappe.model.delete_doc.delete_dynamic_links', kwargs={'doctype': 'Property Setter', 'name': 'Packed Item-rate-read_only'}, method='frappe.model.delete_doc.delete_dynamic_links', site='erpnext.localhost', user='Administrator') (erpnext.localhost||91fc7e5a-32ef-46b5-85b0-72b70e1d5983)
2025-04-22 14:15:31,224 home-ninah-Eval-erp-ERPNext-me-erp-git-frappe:default: frappe.utils.background_jobs.execute_job(event=None, is_async=True, job_name='frappe.model.delete_doc.delete_dynamic_links', kwargs={'doctype': 'Property Setter', 'name': 'Sales Invoice Item-discount_account..., method='frappe.model.delete_doc.delete_dynamic_links', site='erpnext.localhost', user='Administrator') (erpnext.localhost||6fa2b38e-bfad-49bc-bf7d-84671260965a)
2025-04-22 14:15:31,252 home-ninah-Eval-erp-ERPNext-me-erp-git-frappe:default: frappe.utils.background_jobs.execute_job(event=None, is_async=True, job_name='frappe.model.delete_doc.delete_dynamic_links', kwargs={'doctype': 'Property Setter', 'name': 'Sales Invoice Item-discount_account..., method='frappe.model.delete_doc.delete_dynamic_links', site='erpnext.localhost', user='Administrator') (erpnext.localhost||bb336fe4-b9db-4933-9dd9-ff411c580ce4)
2025-04-22 14:15:31,290 home-ninah-Eval-erp-ERPNext-me-erp-git-frappe:default: frappe.utils.background_jobs.execute_job(event=None, is_async=True, job_name='frappe.model.delete_doc.delete_dynamic_links', kwargs={'doctype': 'Property Setter', 'name': 'Sales Invoice-additional_discount_a..., method='frappe.model.delete_doc.delete_dynamic_links', site='erpnext.localhost', user='Administrator') (erpnext.localhost||3274b306-387d-4be5-9a99-ae8b2d1b3a86)
2025-04-22 14:15:31,319 home-ninah-Eval-erp-ERPNext-me-erp-git-frappe:default: frappe.utils.background_jobs.execute_job(event=None, is_async=True, job_name='frappe.model.delete_doc.delete_dynamic_links', kwargs={'doctype': 'Property Setter', 'name': 'Sales Invoice-additional_discount_a..., method='frappe.model.delete_doc.delete_dynamic_links', site='erpnext.localhost', user='Administrator') (erpnext.localhost||3cb39059-8b19-439c-a3a9-6298abcd19bf)
2025-04-22 14:16:01,111 Worker 5b5f062ccd69488cafe0b5bd60c201e8 [PID 4481]: warm shut down requested
Traceback (most recent call last):
  File "/home/ninah/Eval/erp/ERPNext-me/erp-git/frappe/env/lib/python3.10/site-packages/redis/connection.py", line 357, in connect
    sock = self.retry.call_with_retry(
  File "/home/ninah/Eval/erp/ERPNext-me/erp-git/frappe/env/lib/python3.10/site-packages/redis/retry.py", line 62, in call_with_retry
    return do()
  File "/home/ninah/Eval/erp/ERPNext-me/erp-git/frappe/env/lib/python3.10/site-packages/redis/connection.py", line 358, in <lambda>
    lambda: self._connect(), lambda error: self.disconnect(error)
  File "/home/ninah/Eval/erp/ERPNext-me/erp-git/frappe/env/lib/python3.10/site-packages/redis/connection.py", line 730, in _connect
    raise err
  File "/home/ninah/Eval/erp/ERPNext-me/erp-git/frappe/env/lib/python3.10/site-packages/redis/connection.py", line 718, in _connect
    sock.connect(socket_address)
ConnectionRefusedError: [Errno 111] Connection refused

During handling of the above exception, another exception occurred:

Traceback (most recent call last):
  File "/home/ninah/Eval/erp/ERPNext-me/erp-git/frappe/apps/frappe/frappe/utils/bench_helper.py", line 48, in invoke
    return super().invoke(ctx)
  File "/home/ninah/Eval/erp/ERPNext-me/erp-git/frappe/env/lib/python3.10/site-packages/click/core.py", line 1697, in invoke
    return _process_result(sub_ctx.command.invoke(sub_ctx))
  File "/home/ninah/Eval/erp/ERPNext-me/erp-git/frappe/env/lib/python3.10/site-packages/click/core.py", line 1443, in invoke
    return ctx.invoke(self.callback, **ctx.params)
  File "/home/ninah/Eval/erp/ERPNext-me/erp-git/frappe/env/lib/python3.10/site-packages/click/core.py", line 788, in invoke
    return __callback(*args, **kwargs)
  File "/home/ninah/Eval/erp/ERPNext-me/erp-git/frappe/apps/frappe/frappe/commands/scheduler.py", line 206, in start_worker
    start_worker(
  File "/home/ninah/Eval/erp/ERPNext-me/erp-git/frappe/apps/frappe/frappe/utils/background_jobs.py", line 341, in start_worker
    worker.work(
  File "/home/ninah/Eval/erp/ERPNext-me/erp-git/frappe/env/lib/python3.10/site-packages/rq/worker.py", line 649, in work
    self.teardown()
  File "/home/ninah/Eval/erp/ERPNext-me/erp-git/frappe/env/lib/python3.10/site-packages/rq/worker.py", line 1150, in teardown
    self.register_death()
  File "/home/ninah/Eval/erp/ERPNext-me/erp-git/frappe/env/lib/python3.10/site-packages/rq/worker.py", line 897, in register_death
    p.execute()
  File "/home/ninah/Eval/erp/ERPNext-me/erp-git/frappe/env/lib/python3.10/site-packages/redis/client.py", line 1524, in execute
    conn = self.connection_pool.get_connection("MULTI", self.shard_hint)
  File "/home/ninah/Eval/erp/ERPNext-me/erp-git/frappe/env/lib/python3.10/site-packages/redis/connection.py", line 1422, in get_connection
    connection.connect()
  File "/home/ninah/Eval/erp/ERPNext-me/erp-git/frappe/env/lib/python3.10/site-packages/redis/connection.py", line 363, in connect
    raise ConnectionError(self._error_message(e))
redis.exceptions.ConnectionError: Error 111 connecting to 127.0.0.1:11000. Connection refused.

Error 111 connecting to 127.0.0.1:11000. Connection refused.
2025-04-22 14:16:06,602 Worker rq:worker:1da0a337d6774d46ba8393ae54bacda0 started with PID 7270, version 2.3.2
2025-04-22 14:16:06,603 Subscribing to channel rq:pubsub:1da0a337d6774d46ba8393ae54bacda0
2025-04-22 14:16:06,604 *** Listening on home-ninah-Eval-erp-ERPNext-me-erp-git-frappe:short, home-ninah-Eval-erp-ERPNext-me-erp-git-frappe:default, home-ninah-Eval-erp-ERPNext-me-erp-git-frappe:long...
2025-04-22 14:16:06,605 Cleaning registries for queue: home-ninah-Eval-erp-ERPNext-me-erp-git-frappe:short
2025-04-22 14:16:06,607 Cleaning registries for queue: home-ninah-Eval-erp-ERPNext-me-erp-git-frappe:default
2025-04-22 14:16:06,609 Cleaning registries for queue: home-ninah-Eval-erp-ERPNext-me-erp-git-frappe:long
2025-04-22 14:18:17,079 home-ninah-Eval-erp-ERPNext-me-erp-git-frappe:default: frappe.utils.background_jobs.execute_job(event=None, is_async=True, job_name='frappe.core.doctype.user.user.create_contact', kwargs={'user': <User: doctype=User razafitsialoninah26@gmail.com>, 'ignore_mandat..., method='frappe.core.doctype.user.user.create_contact', site='erpnext.localhost', user='Administrator') (erpnext.localhost||3c7444ff-65be-4fae-9bda-cc3c9cb183e2)
2025-04-22 14:18:18,051 Successfully completed frappe.utils.background_jobs.execute_job(event=None, is_async=True, job_name='frappe.core.doctype.user.user.create_contact', kwargs={'user': <User: doctype=User razafitsialoninah26@gmail.com>, 'ignore_mandat..., method='frappe.core.doctype.user.user.create_contact', site='erpnext.localhost', user='Administrator') job in 0:00:00.879805s on worker 1da0a337d6774d46ba8393ae54bacda0
2025-04-22 14:18:18,051 home-ninah-Eval-erp-ERPNext-me-erp-git-frappe:default: Job OK (erpnext.localhost||3c7444ff-65be-4fae-9bda-cc3c9cb183e2)
2025-04-22 14:18:18,051 Result is kept for 600 seconds
2025-04-22 14:18:18,058 home-ninah-Eval-erp-ERPNext-me-erp-git-frappe:default: frappe.utils.background_jobs.execute_job(event=None, is_async=True, job_name='frappe.core.doctype.user.user.update_gravatar', kwargs={'name': 'razafitsialoninah26@gmail.com'}, method='frappe.core.doctype.user.user.update_gravatar', site='erpnext.localhost', user='Administrator') (erpnext.localhost||8699ea91-a572-444f-a1a0-04e82fe2f908)
2025-04-22 14:18:18,371 Successfully completed frappe.utils.background_jobs.execute_job(event=None, is_async=True, job_name='frappe.core.doctype.user.user.update_gravatar', kwargs={'name': 'razafitsialoninah26@gmail.com'}, method='frappe.core.doctype.user.user.update_gravatar', site='erpnext.localhost', user='Administrator') job in 0:00:00.305241s on worker 1da0a337d6774d46ba8393ae54bacda0
2025-04-22 14:18:18,371 home-ninah-Eval-erp-ERPNext-me-erp-git-frappe:default: Job OK (erpnext.localhost||8699ea91-a572-444f-a1a0-04e82fe2f908)
2025-04-22 14:18:18,371 Result is kept for 600 seconds
2025-04-22 14:18:18,376 home-ninah-Eval-erp-ERPNext-me-erp-git-frappe:default: frappe.utils.background_jobs.execute_job(event=None, is_async=True, job_name='frappe.model.delete_doc.delete_dynamic_links', kwargs={'doctype': 'Property Setter', 'name': 'Customer-naming_series-reqd'}, method='frappe.model.delete_doc.delete_dynamic_links', site='erpnext.localhost', user='Administrator') (erpnext.localhost||90cde560-f9d4-447d-b96e-35be6211cfde)
2025-04-22 14:18:18,431 Successfully completed frappe.utils.background_jobs.execute_job(event=None, is_async=True, job_name='frappe.model.delete_doc.delete_dynamic_links', kwargs={'doctype': 'Property Setter', 'name': 'Customer-naming_series-reqd'}, method='frappe.model.delete_doc.delete_dynamic_links', site='erpnext.localhost', user='Administrator') job in 0:00:00.046526s on worker 1da0a337d6774d46ba8393ae54bacda0
2025-04-22 14:18:18,431 home-ninah-Eval-erp-ERPNext-me-erp-git-frappe:default: Job OK (erpnext.localhost||90cde560-f9d4-447d-b96e-35be6211cfde)
2025-04-22 14:18:18,431 Result is kept for 600 seconds
2025-04-22 14:18:18,437 home-ninah-Eval-erp-ERPNext-me-erp-git-frappe:default: frappe.utils.background_jobs.execute_job(event=None, is_async=True, job_name='frappe.model.delete_doc.delete_dynamic_links', kwargs={'doctype': 'Property Setter', 'name': 'Customer-naming_series-hidden'}, method='frappe.model.delete_doc.delete_dynamic_links', site='erpnext.localhost', user='Administrator') (erpnext.localhost||6685c41b-a645-49b0-bec8-0e3af7e1f336)
2025-04-22 14:18:18,490 Successfully completed frappe.utils.background_jobs.execute_job(event=None, is_async=True, job_name='frappe.model.delete_doc.delete_dynamic_links', kwargs={'doctype': 'Property Setter', 'name': 'Customer-naming_series-hidden'}, method='frappe.model.delete_doc.delete_dynamic_links', site='erpnext.localhost', user='Administrator') job in 0:00:00.046361s on worker 1da0a337d6774d46ba8393ae54bacda0
2025-04-22 14:18:18,490 home-ninah-Eval-erp-ERPNext-me-erp-git-frappe:default: Job OK (erpnext.localhost||6685c41b-a645-49b0-bec8-0e3af7e1f336)
2025-04-22 14:18:18,491 Result is kept for 600 seconds
2025-04-22 14:18:18,496 home-ninah-Eval-erp-ERPNext-me-erp-git-frappe:default: frappe.utils.background_jobs.execute_job(event=None, is_async=True, job_name='frappe.model.delete_doc.delete_dynamic_links', kwargs={'doctype': 'Property Setter', 'name': 'Sales Order-tax_id-hidden'}, method='frappe.model.delete_doc.delete_dynamic_links', site='erpnext.localhost', user='Administrator') (erpnext.localhost||44c3e5b3-beba-47fd-872f-2ab03eecf014)
2025-04-22 14:18:18,548 Successfully completed frappe.utils.background_jobs.execute_job(event=None, is_async=True, job_name='frappe.model.delete_doc.delete_dynamic_links', kwargs={'doctype': 'Property Setter', 'name': 'Sales Order-tax_id-hidden'}, method='frappe.model.delete_doc.delete_dynamic_links', site='erpnext.localhost', user='Administrator') job in 0:00:00.045738s on worker 1da0a337d6774d46ba8393ae54bacda0
2025-04-22 14:18:18,549 home-ninah-Eval-erp-ERPNext-me-erp-git-frappe:default: Job OK (erpnext.localhost||44c3e5b3-beba-47fd-872f-2ab03eecf014)
2025-04-22 14:18:18,549 Result is kept for 600 seconds
2025-04-22 14:18:18,554 home-ninah-Eval-erp-ERPNext-me-erp-git-frappe:default: frappe.utils.background_jobs.execute_job(event=None, is_async=True, job_name='frappe.model.delete_doc.delete_dynamic_links', kwargs={'doctype': 'Property Setter', 'name': 'Sales Order-tax_id-print_hide'}, method='frappe.model.delete_doc.delete_dynamic_links', site='erpnext.localhost', user='Administrator') (erpnext.localhost||a02e6ce9-aa36-4623-9c58-7eee41895e85)
2025-04-22 14:18:18,609 Successfully completed frappe.utils.background_jobs.execute_job(event=None, is_async=True, job_name='frappe.model.delete_doc.delete_dynamic_links', kwargs={'doctype': 'Property Setter', 'name': 'Sales Order-tax_id-print_hide'}, method='frappe.model.delete_doc.delete_dynamic_links', site='erpnext.localhost', user='Administrator') job in 0:00:00.047697s on worker 1da0a337d6774d46ba8393ae54bacda0
2025-04-22 14:18:18,609 home-ninah-Eval-erp-ERPNext-me-erp-git-frappe:default: Job OK (erpnext.localhost||a02e6ce9-aa36-4623-9c58-7eee41895e85)
2025-04-22 14:18:18,610 Result is kept for 600 seconds
2025-04-22 14:18:18,615 home-ninah-Eval-erp-ERPNext-me-erp-git-frappe:default: frappe.utils.background_jobs.execute_job(event=None, is_async=True, job_name='frappe.model.delete_doc.delete_dynamic_links', kwargs={'doctype': 'Property Setter', 'name': 'Sales Invoice-tax_id-hidden'}, method='frappe.model.delete_doc.delete_dynamic_links', site='erpnext.localhost', user='Administrator') (erpnext.localhost||3393e2ac-36eb-420e-aa7d-e727b176172d)
2025-04-22 14:18:18,671 Successfully completed frappe.utils.background_jobs.execute_job(event=None, is_async=True, job_name='frappe.model.delete_doc.delete_dynamic_links', kwargs={'doctype': 'Property Setter', 'name': 'Sales Invoice-tax_id-hidden'}, method='frappe.model.delete_doc.delete_dynamic_links', site='erpnext.localhost', user='Administrator') job in 0:00:00.048660s on worker 1da0a337d6774d46ba8393ae54bacda0
2025-04-22 14:18:18,671 home-ninah-Eval-erp-ERPNext-me-erp-git-frappe:default: Job OK (erpnext.localhost||3393e2ac-36eb-420e-aa7d-e727b176172d)
2025-04-22 14:18:18,671 Result is kept for 600 seconds
2025-04-22 14:18:18,677 home-ninah-Eval-erp-ERPNext-me-erp-git-frappe:default: frappe.utils.background_jobs.execute_job(event=None, is_async=True, job_name='frappe.model.delete_doc.delete_dynamic_links', kwargs={'doctype': 'Property Setter', 'name': 'Sales Invoice-tax_id-print_hide'}, method='frappe.model.delete_doc.delete_dynamic_links', site='erpnext.localhost', user='Administrator') (erpnext.localhost||e6b810cc-9bf4-4e02-8876-f0d4fbc0222c)
2025-04-22 14:18:18,730 Successfully completed frappe.utils.background_jobs.execute_job(event=None, is_async=True, job_name='frappe.model.delete_doc.delete_dynamic_links', kwargs={'doctype': 'Property Setter', 'name': 'Sales Invoice-tax_id-print_hide'}, method='frappe.model.delete_doc.delete_dynamic_links', site='erpnext.localhost', user='Administrator') job in 0:00:00.046406s on worker 1da0a337d6774d46ba8393ae54bacda0
2025-04-22 14:18:18,731 home-ninah-Eval-erp-ERPNext-me-erp-git-frappe:default: Job OK (erpnext.localhost||e6b810cc-9bf4-4e02-8876-f0d4fbc0222c)
2025-04-22 14:18:18,731 Result is kept for 600 seconds
2025-04-22 14:18:18,736 home-ninah-Eval-erp-ERPNext-me-erp-git-frappe:default: frappe.utils.background_jobs.execute_job(event=None, is_async=True, job_name='frappe.model.delete_doc.delete_dynamic_links', kwargs={'doctype': 'Property Setter', 'name': 'Delivery Note-tax_id-hidden'}, method='frappe.model.delete_doc.delete_dynamic_links', site='erpnext.localhost', user='Administrator') (erpnext.localhost||e671032a-c5f7-47e5-b31c-7d762e61e06d)
2025-04-22 14:18:18,788 Successfully completed frappe.utils.background_jobs.execute_job(event=None, is_async=True, job_name='frappe.model.delete_doc.delete_dynamic_links', kwargs={'doctype': 'Property Setter', 'name': 'Delivery Note-tax_id-hidden'}, method='frappe.model.delete_doc.delete_dynamic_links', site='erpnext.localhost', user='Administrator') job in 0:00:00.044185s on worker 1da0a337d6774d46ba8393ae54bacda0
2025-04-22 14:18:18,788 home-ninah-Eval-erp-ERPNext-me-erp-git-frappe:default: Job OK (erpnext.localhost||e671032a-c5f7-47e5-b31c-7d762e61e06d)
2025-04-22 14:18:18,788 Result is kept for 600 seconds
2025-04-22 14:18:18,793 home-ninah-Eval-erp-ERPNext-me-erp-git-frappe:default: frappe.utils.background_jobs.execute_job(event=None, is_async=True, job_name='erpnext.setup.demo.setup_demo_data', kwargs={}, method=<function setup_demo_data at 0x76925fa1e680>, site='erpnext.localhost', user='razafitsialoninah26@gmail.com') (erpnext.localhost||da7a7ac2-db65-4fd1-ac55-8f07fa34c467)
2025-04-22 14:18:35,409 Successfully completed frappe.utils.background_jobs.execute_job(event=None, is_async=True, job_name='erpnext.setup.demo.setup_demo_data', kwargs={}, method=<function setup_demo_data at 0x76925fa1e680>, site='erpnext.localhost', user='razafitsialoninah26@gmail.com') job in 0:00:16.383283s on worker 1da0a337d6774d46ba8393ae54bacda0
2025-04-22 14:18:35,409 home-ninah-Eval-erp-ERPNext-me-erp-git-frappe:default: Job OK (erpnext.localhost||da7a7ac2-db65-4fd1-ac55-8f07fa34c467)
2025-04-22 14:18:35,409 Result is kept for 600 seconds
2025-04-22 14:18:35,424 home-ninah-Eval-erp-ERPNext-me-erp-git-frappe:default: frappe.utils.background_jobs.execute_job(event=None, is_async=True, job_name='frappe.model.delete_doc.delete_dynamic_links', kwargs={'doctype': 'Property Setter', 'name': 'Delivery Note-tax_id-print_hide'}, method='frappe.model.delete_doc.delete_dynamic_links', site='erpnext.localhost', user='Administrator') (erpnext.localhost||1f6de2db-af95-4204-b737-75c831e6639a)
2025-04-22 14:18:35,501 Successfully completed frappe.utils.background_jobs.execute_job(event=None, is_async=True, job_name='frappe.model.delete_doc.delete_dynamic_links', kwargs={'doctype': 'Property Setter', 'name': 'Delivery Note-tax_id-print_hide'}, method='frappe.model.delete_doc.delete_dynamic_links', site='erpnext.localhost', user='Administrator') job in 0:00:00.065999s on worker 1da0a337d6774d46ba8393ae54bacda0
2025-04-22 14:18:35,502 home-ninah-Eval-erp-ERPNext-me-erp-git-frappe:default: Job OK (erpnext.localhost||1f6de2db-af95-4204-b737-75c831e6639a)
2025-04-22 14:18:35,502 Result is kept for 600 seconds
2025-04-22 14:18:35,510 home-ninah-Eval-erp-ERPNext-me-erp-git-frappe:default: frappe.utils.background_jobs.execute_job(event=None, is_async=True, job_name='frappe.model.delete_doc.delete_dynamic_links', kwargs={'doctype': 'Property Setter', 'name': 'Packed Item-rate-read_only'}, method='frappe.model.delete_doc.delete_dynamic_links', site='erpnext.localhost', user='Administrator') (erpnext.localhost||76c30c2e-d9eb-48ce-94f6-670aa9646039)
2025-04-22 14:18:35,591 Successfully completed frappe.utils.background_jobs.execute_job(event=None, is_async=True, job_name='frappe.model.delete_doc.delete_dynamic_links', kwargs={'doctype': 'Property Setter', 'name': 'Packed Item-rate-read_only'}, method='frappe.model.delete_doc.delete_dynamic_links', site='erpnext.localhost', user='Administrator') job in 0:00:00.068468s on worker 1da0a337d6774d46ba8393ae54bacda0
2025-04-22 14:18:35,591 home-ninah-Eval-erp-ERPNext-me-erp-git-frappe:default: Job OK (erpnext.localhost||76c30c2e-d9eb-48ce-94f6-670aa9646039)
2025-04-22 14:18:35,591 Result is kept for 600 seconds
2025-04-22 14:18:35,600 home-ninah-Eval-erp-ERPNext-me-erp-git-frappe:default: frappe.utils.background_jobs.execute_job(event=None, is_async=True, job_name='frappe.model.delete_doc.delete_dynamic_links', kwargs={'doctype': 'Property Setter', 'name': 'Sales Invoice Item-discount_account..., method='frappe.model.delete_doc.delete_dynamic_links', site='erpnext.localhost', user='Administrator') (erpnext.localhost||7bb5a2ad-7044-4eb8-9f47-4108e0fe7318)
2025-04-22 14:18:35,688 Successfully completed frappe.utils.background_jobs.execute_job(event=None, is_async=True, job_name='frappe.model.delete_doc.delete_dynamic_links', kwargs={'doctype': 'Property Setter', 'name': 'Sales Invoice Item-discount_account..., method='frappe.model.delete_doc.delete_dynamic_links', site='erpnext.localhost', user='Administrator') job in 0:00:00.075160s on worker 1da0a337d6774d46ba8393ae54bacda0
2025-04-22 14:18:35,689 home-ninah-Eval-erp-ERPNext-me-erp-git-frappe:default: Job OK (erpnext.localhost||7bb5a2ad-7044-4eb8-9f47-4108e0fe7318)
2025-04-22 14:18:35,689 Result is kept for 600 seconds
2025-04-22 14:18:35,706 home-ninah-Eval-erp-ERPNext-me-erp-git-frappe:default: frappe.utils.background_jobs.execute_job(event=None, is_async=True, job_name='frappe.model.delete_doc.delete_dynamic_links', kwargs={'doctype': 'Property Setter', 'name': 'Sales Invoice Item-discount_account..., method='frappe.model.delete_doc.delete_dynamic_links', site='erpnext.localhost', user='Administrator') (erpnext.localhost||9ba2c3dd-3644-4241-8597-e4a67836f8ae)
2025-04-22 14:18:35,795 Successfully completed frappe.utils.background_jobs.execute_job(event=None, is_async=True, job_name='frappe.model.delete_doc.delete_dynamic_links', kwargs={'doctype': 'Property Setter', 'name': 'Sales Invoice Item-discount_account..., method='frappe.model.delete_doc.delete_dynamic_links', site='erpnext.localhost', user='Administrator') job in 0:00:00.077883s on worker 1da0a337d6774d46ba8393ae54bacda0
2025-04-22 14:18:35,795 home-ninah-Eval-erp-ERPNext-me-erp-git-frappe:default: Job OK (erpnext.localhost||9ba2c3dd-3644-4241-8597-e4a67836f8ae)
2025-04-22 14:18:35,795 Result is kept for 600 seconds
2025-04-22 14:18:35,804 home-ninah-Eval-erp-ERPNext-me-erp-git-frappe:default: frappe.utils.background_jobs.execute_job(event=None, is_async=True, job_name='frappe.model.delete_doc.delete_dynamic_links', kwargs={'doctype': 'Property Setter', 'name': 'Sales Invoice-additional_discount_a..., method='frappe.model.delete_doc.delete_dynamic_links', site='erpnext.localhost', user='Administrator') (erpnext.localhost||c59bd87b-7c20-44cb-a7c3-86d4f61cc6a8)
2025-04-22 14:18:35,955 Successfully completed frappe.utils.background_jobs.execute_job(event=None, is_async=True, job_name='frappe.model.delete_doc.delete_dynamic_links', kwargs={'doctype': 'Property Setter', 'name': 'Sales Invoice-additional_discount_a..., method='frappe.model.delete_doc.delete_dynamic_links', site='erpnext.localhost', user='Administrator') job in 0:00:00.134963s on worker 1da0a337d6774d46ba8393ae54bacda0
2025-04-22 14:18:35,955 home-ninah-Eval-erp-ERPNext-me-erp-git-frappe:default: Job OK (erpnext.localhost||c59bd87b-7c20-44cb-a7c3-86d4f61cc6a8)
2025-04-22 14:18:35,955 Result is kept for 600 seconds
2025-04-22 14:18:35,963 home-ninah-Eval-erp-ERPNext-me-erp-git-frappe:default: frappe.utils.background_jobs.execute_job(event=None, is_async=True, job_name='frappe.model.delete_doc.delete_dynamic_links', kwargs={'doctype': 'Property Setter', 'name': 'Sales Invoice-additional_discount_a..., method='frappe.model.delete_doc.delete_dynamic_links', site='erpnext.localhost', user='Administrator') (erpnext.localhost||90e77c97-1c67-4506-90c7-fb3a3d644307)
2025-04-22 14:18:36,140 Successfully completed frappe.utils.background_jobs.execute_job(event=None, is_async=True, job_name='frappe.model.delete_doc.delete_dynamic_links', kwargs={'doctype': 'Property Setter', 'name': 'Sales Invoice-additional_discount_a..., method='frappe.model.delete_doc.delete_dynamic_links', site='erpnext.localhost', user='Administrator') job in 0:00:00.162441s on worker 1da0a337d6774d46ba8393ae54bacda0
2025-04-22 14:18:36,140 home-ninah-Eval-erp-ERPNext-me-erp-git-frappe:default: Job OK (erpnext.localhost||90e77c97-1c67-4506-90c7-fb3a3d644307)
2025-04-22 14:18:36,141 Result is kept for 600 seconds
2025-04-22 14:18:36,158 home-ninah-Eval-erp-ERPNext-me-erp-git-frappe:default: frappe.utils.background_jobs.execute_job(event=None, is_async=True, job_name='frappe.model.delete_doc.delete_dynamic_links', kwargs={'doctype': 'Property Setter', 'name': 'Supplier-naming_series-reqd'}, method='frappe.model.delete_doc.delete_dynamic_links', site='erpnext.localhost', user='Administrator') (erpnext.localhost||3eaeb341-cb3b-42e7-b88e-1ec04b4f200e)
2025-04-22 14:18:36,289 Successfully completed frappe.utils.background_jobs.execute_job(event=None, is_async=True, job_name='frappe.model.delete_doc.delete_dynamic_links', kwargs={'doctype': 'Property Setter', 'name': 'Supplier-naming_series-reqd'}, method='frappe.model.delete_doc.delete_dynamic_links', site='erpnext.localhost', user='Administrator') job in 0:00:00.117351s on worker 1da0a337d6774d46ba8393ae54bacda0
2025-04-22 14:18:36,290 home-ninah-Eval-erp-ERPNext-me-erp-git-frappe:default: Job OK (erpnext.localhost||3eaeb341-cb3b-42e7-b88e-1ec04b4f200e)
2025-04-22 14:18:36,290 Result is kept for 600 seconds
2025-04-22 14:18:36,299 home-ninah-Eval-erp-ERPNext-me-erp-git-frappe:default: frappe.utils.background_jobs.execute_job(event=None, is_async=True, job_name='frappe.model.delete_doc.delete_dynamic_links', kwargs={'doctype': 'Property Setter', 'name': 'Supplier-naming_series-hidden'}, method='frappe.model.delete_doc.delete_dynamic_links', site='erpnext.localhost', user='Administrator') (erpnext.localhost||7f576142-16a2-40a3-a944-d08d320ac5f6)
2025-04-22 14:18:36,466 Successfully completed frappe.utils.background_jobs.execute_job(event=None, is_async=True, job_name='frappe.model.delete_doc.delete_dynamic_links', kwargs={'doctype': 'Property Setter', 'name': 'Supplier-naming_series-hidden'}, method='frappe.model.delete_doc.delete_dynamic_links', site='erpnext.localhost', user='Administrator') job in 0:00:00.148122s on worker 1da0a337d6774d46ba8393ae54bacda0
2025-04-22 14:18:36,467 home-ninah-Eval-erp-ERPNext-me-erp-git-frappe:default: Job OK (erpnext.localhost||7f576142-16a2-40a3-a944-d08d320ac5f6)
2025-04-22 14:18:36,467 Result is kept for 600 seconds
2025-04-22 14:18:36,475 home-ninah-Eval-erp-ERPNext-me-erp-git-frappe:default: frappe.utils.background_jobs.execute_job(event=None, is_async=True, job_name='frappe.model.delete_doc.delete_dynamic_links', kwargs={'doctype': 'Property Setter', 'name': 'Supplier-naming_series-reqd'}, method='frappe.model.delete_doc.delete_dynamic_links', site='erpnext.localhost', user='Administrator') (erpnext.localhost||26bf9211-87b3-42a0-8d5e-afca91eda34a)
2025-04-22 14:18:36,555 Successfully completed frappe.utils.background_jobs.execute_job(event=None, is_async=True, job_name='frappe.model.delete_doc.delete_dynamic_links', kwargs={'doctype': 'Property Setter', 'name': 'Supplier-naming_series-reqd'}, method='frappe.model.delete_doc.delete_dynamic_links', site='erpnext.localhost', user='Administrator') job in 0:00:00.070013s on worker 1da0a337d6774d46ba8393ae54bacda0
2025-04-22 14:18:36,555 home-ninah-Eval-erp-ERPNext-me-erp-git-frappe:default: Job OK (erpnext.localhost||26bf9211-87b3-42a0-8d5e-afca91eda34a)
2025-04-22 14:18:36,556 Result is kept for 600 seconds
2025-04-22 14:18:36,562 home-ninah-Eval-erp-ERPNext-me-erp-git-frappe:default: frappe.utils.background_jobs.execute_job(event=None, is_async=True, job_name='frappe.model.delete_doc.delete_dynamic_links', kwargs={'doctype': 'Property Setter', 'name': 'Supplier-naming_series-hidden'}, method='frappe.model.delete_doc.delete_dynamic_links', site='erpnext.localhost', user='Administrator') (erpnext.localhost||be58f694-26d7-48e6-989a-b07751642cb2)
2025-04-22 14:18:36,645 Successfully completed frappe.utils.background_jobs.execute_job(event=None, is_async=True, job_name='frappe.model.delete_doc.delete_dynamic_links', kwargs={'doctype': 'Property Setter', 'name': 'Supplier-naming_series-hidden'}, method='frappe.model.delete_doc.delete_dynamic_links', site='erpnext.localhost', user='Administrator') job in 0:00:00.071672s on worker 1da0a337d6774d46ba8393ae54bacda0
2025-04-22 14:18:36,646 home-ninah-Eval-erp-ERPNext-me-erp-git-frappe:default: Job OK (erpnext.localhost||be58f694-26d7-48e6-989a-b07751642cb2)
2025-04-22 14:18:36,646 Result is kept for 600 seconds
2025-04-22 14:18:36,654 home-ninah-Eval-erp-ERPNext-me-erp-git-frappe:default: frappe.utils.background_jobs.execute_job(event=None, is_async=True, job_name='frappe.model.delete_doc.delete_dynamic_links', kwargs={'doctype': 'Property Setter', 'name': 'Customer-naming_series-reqd'}, method='frappe.model.delete_doc.delete_dynamic_links', site='erpnext.localhost', user='Administrator') (erpnext.localhost||f095763e-3057-471b-8341-f8f733b6b4b3)
2025-04-22 14:18:36,732 Successfully completed frappe.utils.background_jobs.execute_job(event=None, is_async=True, job_name='frappe.model.delete_doc.delete_dynamic_links', kwargs={'doctype': 'Property Setter', 'name': 'Customer-naming_series-reqd'}, method='frappe.model.delete_doc.delete_dynamic_links', site='erpnext.localhost', user='Administrator') job in 0:00:00.065966s on worker 1da0a337d6774d46ba8393ae54bacda0
2025-04-22 14:18:36,732 home-ninah-Eval-erp-ERPNext-me-erp-git-frappe:default: Job OK (erpnext.localhost||f095763e-3057-471b-8341-f8f733b6b4b3)
2025-04-22 14:18:36,732 Result is kept for 600 seconds
2025-04-22 14:18:36,741 home-ninah-Eval-erp-ERPNext-me-erp-git-frappe:default: frappe.utils.background_jobs.execute_job(event=None, is_async=True, job_name='frappe.model.delete_doc.delete_dynamic_links', kwargs={'doctype': 'Property Setter', 'name': 'Customer-naming_series-hidden'}, method='frappe.model.delete_doc.delete_dynamic_links', site='erpnext.localhost', user='Administrator') (erpnext.localhost||7839ba3f-8cb5-4443-bee6-b3eaa8e3b126)
2025-04-22 14:18:36,829 Successfully completed frappe.utils.background_jobs.execute_job(event=None, is_async=True, job_name='frappe.model.delete_doc.delete_dynamic_links', kwargs={'doctype': 'Property Setter', 'name': 'Customer-naming_series-hidden'}, method='frappe.model.delete_doc.delete_dynamic_links', site='erpnext.localhost', user='Administrator') job in 0:00:00.076798s on worker 1da0a337d6774d46ba8393ae54bacda0
2025-04-22 14:18:36,829 home-ninah-Eval-erp-ERPNext-me-erp-git-frappe:default: Job OK (erpnext.localhost||7839ba3f-8cb5-4443-bee6-b3eaa8e3b126)
2025-04-22 14:18:36,830 Result is kept for 600 seconds
2025-04-22 14:18:36,838 home-ninah-Eval-erp-ERPNext-me-erp-git-frappe:default: frappe.utils.background_jobs.execute_job(event=None, is_async=True, job_name='frappe.model.delete_doc.delete_dynamic_links', kwargs={'doctype': 'Property Setter', 'name': 'Sales Order-tax_id-hidden'}, method='frappe.model.delete_doc.delete_dynamic_links', site='erpnext.localhost', user='Administrator') (erpnext.localhost||5b402b0a-9145-4cde-9e94-6d9ece9b37dd)
2025-04-22 14:18:36,923 Successfully completed frappe.utils.background_jobs.execute_job(event=None, is_async=True, job_name='frappe.model.delete_doc.delete_dynamic_links', kwargs={'doctype': 'Property Setter', 'name': 'Sales Order-tax_id-hidden'}, method='frappe.model.delete_doc.delete_dynamic_links', site='erpnext.localhost', user='Administrator') job in 0:00:00.075206s on worker 1da0a337d6774d46ba8393ae54bacda0
2025-04-22 14:18:36,923 home-ninah-Eval-erp-ERPNext-me-erp-git-frappe:default: Job OK (erpnext.localhost||5b402b0a-9145-4cde-9e94-6d9ece9b37dd)
2025-04-22 14:18:36,923 Result is kept for 600 seconds
2025-04-22 14:18:36,931 home-ninah-Eval-erp-ERPNext-me-erp-git-frappe:default: frappe.utils.background_jobs.execute_job(event=None, is_async=True, job_name='frappe.model.delete_doc.delete_dynamic_links', kwargs={'doctype': 'Property Setter', 'name': 'Sales Order-tax_id-print_hide'}, method='frappe.model.delete_doc.delete_dynamic_links', site='erpnext.localhost', user='Administrator') (erpnext.localhost||057d492a-6649-4810-b2a3-c7f9dea2f7ea)
2025-04-22 14:18:37,028 Successfully completed frappe.utils.background_jobs.execute_job(event=None, is_async=True, job_name='frappe.model.delete_doc.delete_dynamic_links', kwargs={'doctype': 'Property Setter', 'name': 'Sales Order-tax_id-print_hide'}, method='frappe.model.delete_doc.delete_dynamic_links', site='erpnext.localhost', user='Administrator') job in 0:00:00.084447s on worker 1da0a337d6774d46ba8393ae54bacda0
2025-04-22 14:18:37,028 home-ninah-Eval-erp-ERPNext-me-erp-git-frappe:default: Job OK (erpnext.localhost||057d492a-6649-4810-b2a3-c7f9dea2f7ea)
2025-04-22 14:18:37,029 Result is kept for 600 seconds
2025-04-22 14:18:37,040 home-ninah-Eval-erp-ERPNext-me-erp-git-frappe:default: frappe.utils.background_jobs.execute_job(event=None, is_async=True, job_name='frappe.model.delete_doc.delete_dynamic_links', kwargs={'doctype': 'Property Setter', 'name': 'Sales Invoice-tax_id-hidden'}, method='frappe.model.delete_doc.delete_dynamic_links', site='erpnext.localhost', user='Administrator') (erpnext.localhost||a5853c90-0db0-4838-b98e-673fc751d839)
2025-04-22 14:18:37,188 Successfully completed frappe.utils.background_jobs.execute_job(event=None, is_async=True, job_name='frappe.model.delete_doc.delete_dynamic_links', kwargs={'doctype': 'Property Setter', 'name': 'Sales Invoice-tax_id-hidden'}, method='frappe.model.delete_doc.delete_dynamic_links', site='erpnext.localhost', user='Administrator') job in 0:00:00.128798s on worker 1da0a337d6774d46ba8393ae54bacda0
2025-04-22 14:18:37,193 home-ninah-Eval-erp-ERPNext-me-erp-git-frappe:default: Job OK (erpnext.localhost||a5853c90-0db0-4838-b98e-673fc751d839)
2025-04-22 14:18:37,193 Result is kept for 600 seconds
2025-04-22 14:18:37,204 home-ninah-Eval-erp-ERPNext-me-erp-git-frappe:default: frappe.utils.background_jobs.execute_job(event=None, is_async=True, job_name='frappe.model.delete_doc.delete_dynamic_links', kwargs={'doctype': 'Property Setter', 'name': 'Sales Invoice-tax_id-print_hide'}, method='frappe.model.delete_doc.delete_dynamic_links', site='erpnext.localhost', user='Administrator') (erpnext.localhost||ddc92453-915f-4fa3-a7d8-d4b4d402ff39)
2025-04-22 14:18:37,375 Successfully completed frappe.utils.background_jobs.execute_job(event=None, is_async=True, job_name='frappe.model.delete_doc.delete_dynamic_links', kwargs={'doctype': 'Property Setter', 'name': 'Sales Invoice-tax_id-print_hide'}, method='frappe.model.delete_doc.delete_dynamic_links', site='erpnext.localhost', user='Administrator') job in 0:00:00.150058s on worker 1da0a337d6774d46ba8393ae54bacda0
2025-04-22 14:18:37,376 home-ninah-Eval-erp-ERPNext-me-erp-git-frappe:default: Job OK (erpnext.localhost||ddc92453-915f-4fa3-a7d8-d4b4d402ff39)
2025-04-22 14:18:37,376 Result is kept for 600 seconds
2025-04-22 14:18:37,385 home-ninah-Eval-erp-ERPNext-me-erp-git-frappe:default: frappe.utils.background_jobs.execute_job(event=None, is_async=True, job_name='frappe.model.delete_doc.delete_dynamic_links', kwargs={'doctype': 'Property Setter', 'name': 'Delivery Note-tax_id-hidden'}, method='frappe.model.delete_doc.delete_dynamic_links', site='erpnext.localhost', user='Administrator') (erpnext.localhost||5bff8c56-0a16-4bf7-b3b5-cf338ddf229c)
2025-04-22 14:18:37,518 Successfully completed frappe.utils.background_jobs.execute_job(event=None, is_async=True, job_name='frappe.model.delete_doc.delete_dynamic_links', kwargs={'doctype': 'Property Setter', 'name': 'Delivery Note-tax_id-hidden'}, method='frappe.model.delete_doc.delete_dynamic_links', site='erpnext.localhost', user='Administrator') job in 0:00:00.118643s on worker 1da0a337d6774d46ba8393ae54bacda0
2025-04-22 14:18:37,518 home-ninah-Eval-erp-ERPNext-me-erp-git-frappe:default: Job OK (erpnext.localhost||5bff8c56-0a16-4bf7-b3b5-cf338ddf229c)
2025-04-22 14:18:37,518 Result is kept for 600 seconds
2025-04-22 14:18:37,527 home-ninah-Eval-erp-ERPNext-me-erp-git-frappe:default: frappe.utils.background_jobs.execute_job(event=None, is_async=True, job_name='frappe.model.delete_doc.delete_dynamic_links', kwargs={'doctype': 'Property Setter', 'name': 'Delivery Note-tax_id-print_hide'}, method='frappe.model.delete_doc.delete_dynamic_links', site='erpnext.localhost', user='Administrator') (erpnext.localhost||df32b19d-9959-4afa-8a46-b3eac61941d6)
2025-04-22 14:18:37,627 Successfully completed frappe.utils.background_jobs.execute_job(event=None, is_async=True, job_name='frappe.model.delete_doc.delete_dynamic_links', kwargs={'doctype': 'Property Setter', 'name': 'Delivery Note-tax_id-print_hide'}, method='frappe.model.delete_doc.delete_dynamic_links', site='erpnext.localhost', user='Administrator') job in 0:00:00.088214s on worker 1da0a337d6774d46ba8393ae54bacda0
2025-04-22 14:18:37,628 home-ninah-Eval-erp-ERPNext-me-erp-git-frappe:default: Job OK (erpnext.localhost||df32b19d-9959-4afa-8a46-b3eac61941d6)
2025-04-22 14:18:37,628 Result is kept for 600 seconds
2025-04-22 14:18:37,638 home-ninah-Eval-erp-ERPNext-me-erp-git-frappe:default: frappe.utils.background_jobs.execute_job(event=None, is_async=True, job_name='frappe.model.delete_doc.delete_dynamic_links', kwargs={'doctype': 'Property Setter', 'name': 'Packed Item-rate-read_only'}, method='frappe.model.delete_doc.delete_dynamic_links', site='erpnext.localhost', user='Administrator') (erpnext.localhost||a11662fb-5eaf-4480-be2c-b892518595f1)
2025-04-22 14:18:37,708 Successfully completed frappe.utils.background_jobs.execute_job(event=None, is_async=True, job_name='frappe.model.delete_doc.delete_dynamic_links', kwargs={'doctype': 'Property Setter', 'name': 'Packed Item-rate-read_only'}, method='frappe.model.delete_doc.delete_dynamic_links', site='erpnext.localhost', user='Administrator') job in 0:00:00.059436s on worker 1da0a337d6774d46ba8393ae54bacda0
2025-04-22 14:18:37,708 home-ninah-Eval-erp-ERPNext-me-erp-git-frappe:default: Job OK (erpnext.localhost||a11662fb-5eaf-4480-be2c-b892518595f1)
2025-04-22 14:18:37,708 Result is kept for 600 seconds
2025-04-22 14:18:37,714 home-ninah-Eval-erp-ERPNext-me-erp-git-frappe:default: frappe.utils.background_jobs.execute_job(event=None, is_async=True, job_name='frappe.model.delete_doc.delete_dynamic_links', kwargs={'doctype': 'Property Setter', 'name': 'Sales Invoice Item-discount_account..., method='frappe.model.delete_doc.delete_dynamic_links', site='erpnext.localhost', user='Administrator') (erpnext.localhost||20733f7f-28de-4dea-95e7-f90a786b4d46)
2025-04-22 14:18:37,779 Successfully completed frappe.utils.background_jobs.execute_job(event=None, is_async=True, job_name='frappe.model.delete_doc.delete_dynamic_links', kwargs={'doctype': 'Property Setter', 'name': 'Sales Invoice Item-discount_account..., method='frappe.model.delete_doc.delete_dynamic_links', site='erpnext.localhost', user='Administrator') job in 0:00:00.055636s on worker 1da0a337d6774d46ba8393ae54bacda0
2025-04-22 14:18:37,779 home-ninah-Eval-erp-ERPNext-me-erp-git-frappe:default: Job OK (erpnext.localhost||20733f7f-28de-4dea-95e7-f90a786b4d46)
2025-04-22 14:18:37,779 Result is kept for 600 seconds
2025-04-22 14:18:37,785 home-ninah-Eval-erp-ERPNext-me-erp-git-frappe:default: frappe.utils.background_jobs.execute_job(event=None, is_async=True, job_name='frappe.model.delete_doc.delete_dynamic_links', kwargs={'doctype': 'Property Setter', 'name': 'Sales Invoice Item-discount_account..., method='frappe.model.delete_doc.delete_dynamic_links', site='erpnext.localhost', user='Administrator') (erpnext.localhost||ae691714-9b09-4e3f-a423-0d387b65a10a)
2025-04-22 14:18:37,849 Successfully completed frappe.utils.background_jobs.execute_job(event=None, is_async=True, job_name='frappe.model.delete_doc.delete_dynamic_links', kwargs={'doctype': 'Property Setter', 'name': 'Sales Invoice Item-discount_account..., method='frappe.model.delete_doc.delete_dynamic_links', site='erpnext.localhost', user='Administrator') job in 0:00:00.055011s on worker 1da0a337d6774d46ba8393ae54bacda0
2025-04-22 14:18:37,849 home-ninah-Eval-erp-ERPNext-me-erp-git-frappe:default: Job OK (erpnext.localhost||ae691714-9b09-4e3f-a423-0d387b65a10a)
2025-04-22 14:18:37,849 Result is kept for 600 seconds
2025-04-22 14:18:37,855 home-ninah-Eval-erp-ERPNext-me-erp-git-frappe:default: frappe.utils.background_jobs.execute_job(event=None, is_async=True, job_name='frappe.model.delete_doc.delete_dynamic_links', kwargs={'doctype': 'Property Setter', 'name': 'Sales Invoice-additional_discount_a..., method='frappe.model.delete_doc.delete_dynamic_links', site='erpnext.localhost', user='Administrator') (erpnext.localhost||14c1bb8b-9312-47b2-b484-fa97bbf26c16)
2025-04-22 14:18:37,919 Successfully completed frappe.utils.background_jobs.execute_job(event=None, is_async=True, job_name='frappe.model.delete_doc.delete_dynamic_links', kwargs={'doctype': 'Property Setter', 'name': 'Sales Invoice-additional_discount_a..., method='frappe.model.delete_doc.delete_dynamic_links', site='erpnext.localhost', user='Administrator') job in 0:00:00.055438s on worker 1da0a337d6774d46ba8393ae54bacda0
2025-04-22 14:18:37,919 home-ninah-Eval-erp-ERPNext-me-erp-git-frappe:default: Job OK (erpnext.localhost||14c1bb8b-9312-47b2-b484-fa97bbf26c16)
2025-04-22 14:18:37,919 Result is kept for 600 seconds
2025-04-22 14:18:37,926 home-ninah-Eval-erp-ERPNext-me-erp-git-frappe:default: frappe.utils.background_jobs.execute_job(event=None, is_async=True, job_name='frappe.model.delete_doc.delete_dynamic_links', kwargs={'doctype': 'Property Setter', 'name': 'Sales Invoice-additional_discount_a..., method='frappe.model.delete_doc.delete_dynamic_links', site='erpnext.localhost', user='Administrator') (erpnext.localhost||7e4bebbc-fc76-4049-a0b0-7625e38e501a)
2025-04-22 14:18:37,988 Successfully completed frappe.utils.background_jobs.execute_job(event=None, is_async=True, job_name='frappe.model.delete_doc.delete_dynamic_links', kwargs={'doctype': 'Property Setter', 'name': 'Sales Invoice-additional_discount_a..., method='frappe.model.delete_doc.delete_dynamic_links', site='erpnext.localhost', user='Administrator') job in 0:00:00.054408s on worker 1da0a337d6774d46ba8393ae54bacda0
2025-04-22 14:18:37,989 home-ninah-Eval-erp-ERPNext-me-erp-git-frappe:default: Job OK (erpnext.localhost||7e4bebbc-fc76-4049-a0b0-7625e38e501a)
2025-04-22 14:18:37,989 Result is kept for 600 seconds
2025-04-22 14:18:37,995 home-ninah-Eval-erp-ERPNext-me-erp-git-frappe:default: frappe.utils.background_jobs.execute_job(event=None, is_async=True, job_name='frappe.model.delete_doc.delete_dynamic_links', kwargs={'doctype': 'Property Setter', 'name': 'Quotation-base_rounded_total-hidden..., method='frappe.model.delete_doc.delete_dynamic_links', site='erpnext.localhost', user='Administrator') (erpnext.localhost||2d322689-bb43-415a-a865-de731d870c09)
2025-04-22 14:18:38,057 Successfully completed frappe.utils.background_jobs.execute_job(event=None, is_async=True, job_name='frappe.model.delete_doc.delete_dynamic_links', kwargs={'doctype': 'Property Setter', 'name': 'Quotation-base_rounded_total-hidden..., method='frappe.model.delete_doc.delete_dynamic_links', site='erpnext.localhost', user='Administrator') job in 0:00:00.053329s on worker 1da0a337d6774d46ba8393ae54bacda0
2025-04-22 14:18:38,057 home-ninah-Eval-erp-ERPNext-me-erp-git-frappe:default: Job OK (erpnext.localhost||2d322689-bb43-415a-a865-de731d870c09)
2025-04-22 14:18:38,058 Result is kept for 600 seconds
2025-04-22 14:18:38,064 home-ninah-Eval-erp-ERPNext-me-erp-git-frappe:default: frappe.utils.background_jobs.execute_job(event=None, is_async=True, job_name='frappe.model.delete_doc.delete_dynamic_links', kwargs={'doctype': 'Property Setter', 'name': 'Quotation-base_rounded_total-print_..., method='frappe.model.delete_doc.delete_dynamic_links', site='erpnext.localhost', user='Administrator') (erpnext.localhost||74db49eb-3dd9-4b04-a741-83284b9c9c96)
2025-04-22 14:18:38,131 Successfully completed frappe.utils.background_jobs.execute_job(event=None, is_async=True, job_name='frappe.model.delete_doc.delete_dynamic_links', kwargs={'doctype': 'Property Setter', 'name': 'Quotation-base_rounded_total-print_..., method='frappe.model.delete_doc.delete_dynamic_links', site='erpnext.localhost', user='Administrator') job in 0:00:00.058578s on worker 1da0a337d6774d46ba8393ae54bacda0
2025-04-22 14:18:38,132 home-ninah-Eval-erp-ERPNext-me-erp-git-frappe:default: Job OK (erpnext.localhost||74db49eb-3dd9-4b04-a741-83284b9c9c96)
2025-04-22 14:18:38,132 Result is kept for 600 seconds
2025-04-22 14:18:38,139 home-ninah-Eval-erp-ERPNext-me-erp-git-frappe:default: frappe.utils.background_jobs.execute_job(event=None, is_async=True, job_name='frappe.model.delete_doc.delete_dynamic_links', kwargs={'doctype': 'Property Setter', 'name': 'Quotation-rounded_total-hidden'}, method='frappe.model.delete_doc.delete_dynamic_links', site='erpnext.localhost', user='Administrator') (erpnext.localhost||eb285a78-3767-43c6-a27e-ebdeb42edc8c)
2025-04-22 14:18:38,206 Successfully completed frappe.utils.background_jobs.execute_job(event=None, is_async=True, job_name='frappe.model.delete_doc.delete_dynamic_links', kwargs={'doctype': 'Property Setter', 'name': 'Quotation-rounded_total-hidden'}, method='frappe.model.delete_doc.delete_dynamic_links', site='erpnext.localhost', user='Administrator') job in 0:00:00.058212s on worker 1da0a337d6774d46ba8393ae54bacda0
2025-04-22 14:18:38,207 home-ninah-Eval-erp-ERPNext-me-erp-git-frappe:default: Job OK (erpnext.localhost||eb285a78-3767-43c6-a27e-ebdeb42edc8c)
2025-04-22 14:18:38,207 Result is kept for 600 seconds
2025-04-22 14:18:38,214 home-ninah-Eval-erp-ERPNext-me-erp-git-frappe:default: frappe.utils.background_jobs.execute_job(event=None, is_async=True, job_name='frappe.model.delete_doc.delete_dynamic_links', kwargs={'doctype': 'Property Setter', 'name': 'Quotation-rounded_total-print_hide'..., method='frappe.model.delete_doc.delete_dynamic_links', site='erpnext.localhost', user='Administrator') (erpnext.localhost||964e6ab6-31df-4a46-abae-5c035eacb96b)
2025-04-22 14:18:38,289 Successfully completed frappe.utils.background_jobs.execute_job(event=None, is_async=True, job_name='frappe.model.delete_doc.delete_dynamic_links', kwargs={'doctype': 'Property Setter', 'name': 'Quotation-rounded_total-print_hide'..., method='frappe.model.delete_doc.delete_dynamic_links', site='erpnext.localhost', user='Administrator') job in 0:00:00.065786s on worker 1da0a337d6774d46ba8393ae54bacda0
2025-04-22 14:18:38,290 home-ninah-Eval-erp-ERPNext-me-erp-git-frappe:default: Job OK (erpnext.localhost||964e6ab6-31df-4a46-abae-5c035eacb96b)
2025-04-22 14:18:38,290 Result is kept for 600 seconds
2025-04-22 14:18:38,298 home-ninah-Eval-erp-ERPNext-me-erp-git-frappe:default: frappe.utils.background_jobs.execute_job(event=None, is_async=True, job_name='frappe.model.delete_doc.delete_dynamic_links', kwargs={'doctype': 'Property Setter', 'name': 'Quotation-disable_rounded_total-def..., method='frappe.model.delete_doc.delete_dynamic_links', site='erpnext.localhost', user='Administrator') (erpnext.localhost||009fae7a-2cf4-465a-82cb-48f7ba16d79b)
2025-04-22 14:18:38,366 Successfully completed frappe.utils.background_jobs.execute_job(event=None, is_async=True, job_name='frappe.model.delete_doc.delete_dynamic_links', kwargs={'doctype': 'Property Setter', 'name': 'Quotation-disable_rounded_total-def..., method='frappe.model.delete_doc.delete_dynamic_links', site='erpnext.localhost', user='Administrator') job in 0:00:00.059497s on worker 1da0a337d6774d46ba8393ae54bacda0
2025-04-22 14:18:38,366 home-ninah-Eval-erp-ERPNext-me-erp-git-frappe:default: Job OK (erpnext.localhost||009fae7a-2cf4-465a-82cb-48f7ba16d79b)
2025-04-22 14:18:38,367 Result is kept for 600 seconds
2025-04-22 14:18:38,373 home-ninah-Eval-erp-ERPNext-me-erp-git-frappe:default: frappe.utils.background_jobs.execute_job(event=None, is_async=True, job_name='frappe.model.delete_doc.delete_dynamic_links', kwargs={'doctype': 'Property Setter', 'name': 'Sales Order-base_rounded_total-hidd..., method='frappe.model.delete_doc.delete_dynamic_links', site='erpnext.localhost', user='Administrator') (erpnext.localhost||458a6867-ff61-4ce5-a651-5479042b3fa2)
2025-04-22 14:18:38,441 Successfully completed frappe.utils.background_jobs.execute_job(event=None, is_async=True, job_name='frappe.model.delete_doc.delete_dynamic_links', kwargs={'doctype': 'Property Setter', 'name': 'Sales Order-base_rounded_total-hidd..., method='frappe.model.delete_doc.delete_dynamic_links', site='erpnext.localhost', user='Administrator') job in 0:00:00.057399s on worker 1da0a337d6774d46ba8393ae54bacda0
2025-04-22 14:18:38,441 home-ninah-Eval-erp-ERPNext-me-erp-git-frappe:default: Job OK (erpnext.localhost||458a6867-ff61-4ce5-a651-5479042b3fa2)
2025-04-22 14:18:38,441 Result is kept for 600 seconds
2025-04-22 14:18:38,447 home-ninah-Eval-erp-ERPNext-me-erp-git-frappe:default: frappe.utils.background_jobs.execute_job(event=None, is_async=True, job_name='frappe.model.delete_doc.delete_dynamic_links', kwargs={'doctype': 'Property Setter', 'name': 'Sales Order-base_rounded_total-prin..., method='frappe.model.delete_doc.delete_dynamic_links', site='erpnext.localhost', user='Administrator') (erpnext.localhost||ac9ccf67-d53b-4729-a980-7a58140da87e)
2025-04-22 14:18:38,526 Successfully completed frappe.utils.background_jobs.execute_job(event=None, is_async=True, job_name='frappe.model.delete_doc.delete_dynamic_links', kwargs={'doctype': 'Property Setter', 'name': 'Sales Order-base_rounded_total-prin..., method='frappe.model.delete_doc.delete_dynamic_links', site='erpnext.localhost', user='Administrator') job in 0:00:00.068636s on worker 1da0a337d6774d46ba8393ae54bacda0
2025-04-22 14:18:38,526 home-ninah-Eval-erp-ERPNext-me-erp-git-frappe:default: Job OK (erpnext.localhost||ac9ccf67-d53b-4729-a980-7a58140da87e)
2025-04-22 14:18:38,527 Result is kept for 600 seconds
2025-04-22 14:18:38,534 home-ninah-Eval-erp-ERPNext-me-erp-git-frappe:default: frappe.utils.background_jobs.execute_job(event=None, is_async=True, job_name='frappe.model.delete_doc.delete_dynamic_links', kwargs={'doctype': 'Property Setter', 'name': 'Sales Order-rounded_total-hidden'}, method='frappe.model.delete_doc.delete_dynamic_links', site='erpnext.localhost', user='Administrator') (erpnext.localhost||4032e30f-4d98-414b-a86e-b9a3bf08ef6d)
2025-04-22 14:18:38,605 Successfully completed frappe.utils.background_jobs.execute_job(event=None, is_async=True, job_name='frappe.model.delete_doc.delete_dynamic_links', kwargs={'doctype': 'Property Setter', 'name': 'Sales Order-rounded_total-hidden'}, method='frappe.model.delete_doc.delete_dynamic_links', site='erpnext.localhost', user='Administrator') job in 0:00:00.062386s on worker 1da0a337d6774d46ba8393ae54bacda0
2025-04-22 14:18:38,605 home-ninah-Eval-erp-ERPNext-me-erp-git-frappe:default: Job OK (erpnext.localhost||4032e30f-4d98-414b-a86e-b9a3bf08ef6d)
2025-04-22 14:18:38,605 Result is kept for 600 seconds
2025-04-22 14:18:38,612 home-ninah-Eval-erp-ERPNext-me-erp-git-frappe:default: frappe.utils.background_jobs.execute_job(event=None, is_async=True, job_name='frappe.model.delete_doc.delete_dynamic_links', kwargs={'doctype': 'Property Setter', 'name': 'Sales Order-rounded_total-print_hid..., method='frappe.model.delete_doc.delete_dynamic_links', site='erpnext.localhost', user='Administrator') (erpnext.localhost||bb16c8a3-5992-4218-a706-eeaba275105d)
2025-04-22 14:18:38,688 Successfully completed frappe.utils.background_jobs.execute_job(event=None, is_async=True, job_name='frappe.model.delete_doc.delete_dynamic_links', kwargs={'doctype': 'Property Setter', 'name': 'Sales Order-rounded_total-print_hid..., method='frappe.model.delete_doc.delete_dynamic_links', site='erpnext.localhost', user='Administrator') job in 0:00:00.066494s on worker 1da0a337d6774d46ba8393ae54bacda0
2025-04-22 14:18:38,689 home-ninah-Eval-erp-ERPNext-me-erp-git-frappe:default: Job OK (erpnext.localhost||bb16c8a3-5992-4218-a706-eeaba275105d)
2025-04-22 14:18:38,689 Result is kept for 600 seconds
2025-04-22 14:18:38,696 home-ninah-Eval-erp-ERPNext-me-erp-git-frappe:default: frappe.utils.background_jobs.execute_job(event=None, is_async=True, job_name='frappe.model.delete_doc.delete_dynamic_links', kwargs={'doctype': 'Property Setter', 'name': 'Sales Order-disable_rounded_total-d..., method='frappe.model.delete_doc.delete_dynamic_links', site='erpnext.localhost', user='Administrator') (erpnext.localhost||999ab8ce-16b4-4125-9c01-847551350df9)
2025-04-22 14:18:38,763 Successfully completed frappe.utils.background_jobs.execute_job(event=None, is_async=True, job_name='frappe.model.delete_doc.delete_dynamic_links', kwargs={'doctype': 'Property Setter', 'name': 'Sales Order-disable_rounded_total-d..., method='frappe.model.delete_doc.delete_dynamic_links', site='erpnext.localhost', user='Administrator') job in 0:00:00.057988s on worker 1da0a337d6774d46ba8393ae54bacda0
2025-04-22 14:18:38,763 home-ninah-Eval-erp-ERPNext-me-erp-git-frappe:default: Job OK (erpnext.localhost||999ab8ce-16b4-4125-9c01-847551350df9)
2025-04-22 14:18:38,763 Result is kept for 600 seconds
2025-04-22 14:18:38,769 home-ninah-Eval-erp-ERPNext-me-erp-git-frappe:default: frappe.utils.background_jobs.execute_job(event=None, is_async=True, job_name='frappe.model.delete_doc.delete_dynamic_links', kwargs={'doctype': 'Property Setter', 'name': 'Sales Invoice-base_rounded_total-hi..., method='frappe.model.delete_doc.delete_dynamic_links', site='erpnext.localhost', user='Administrator') (erpnext.localhost||8276f467-db66-418e-a254-19b7ac1eecb8)
2025-04-22 14:18:38,828 Successfully completed frappe.utils.background_jobs.execute_job(event=None, is_async=True, job_name='frappe.model.delete_doc.delete_dynamic_links', kwargs={'doctype': 'Property Setter', 'name': 'Sales Invoice-base_rounded_total-hi..., method='frappe.model.delete_doc.delete_dynamic_links', site='erpnext.localhost', user='Administrator') job in 0:00:00.051355s on worker 1da0a337d6774d46ba8393ae54bacda0
2025-04-22 14:18:38,828 home-ninah-Eval-erp-ERPNext-me-erp-git-frappe:default: Job OK (erpnext.localhost||8276f467-db66-418e-a254-19b7ac1eecb8)
2025-04-22 14:18:38,829 Result is kept for 600 seconds
2025-04-22 14:18:38,834 home-ninah-Eval-erp-ERPNext-me-erp-git-frappe:default: frappe.utils.background_jobs.execute_job(event=None, is_async=True, job_name='frappe.model.delete_doc.delete_dynamic_links', kwargs={'doctype': 'Property Setter', 'name': 'Sales Invoice-base_rounded_total-pr..., method='frappe.model.delete_doc.delete_dynamic_links', site='erpnext.localhost', user='Administrator') (erpnext.localhost||29c3041d-a746-4acc-a568-1e9a64d8b9d4)
2025-04-22 14:18:38,895 Successfully completed frappe.utils.background_jobs.execute_job(event=None, is_async=True, job_name='frappe.model.delete_doc.delete_dynamic_links', kwargs={'doctype': 'Property Setter', 'name': 'Sales Invoice-base_rounded_total-pr..., method='frappe.model.delete_doc.delete_dynamic_links', site='erpnext.localhost', user='Administrator') job in 0:00:00.052780s on worker 1da0a337d6774d46ba8393ae54bacda0
2025-04-22 14:18:38,895 home-ninah-Eval-erp-ERPNext-me-erp-git-frappe:default: Job OK (erpnext.localhost||29c3041d-a746-4acc-a568-1e9a64d8b9d4)
2025-04-22 14:18:38,895 Result is kept for 600 seconds
2025-04-22 14:18:38,902 home-ninah-Eval-erp-ERPNext-me-erp-git-frappe:default: frappe.utils.background_jobs.execute_job(event=None, is_async=True, job_name='frappe.model.delete_doc.delete_dynamic_links', kwargs={'doctype': 'Property Setter', 'name': 'Sales Invoice-rounded_total-hidden'..., method='frappe.model.delete_doc.delete_dynamic_links', site='erpnext.localhost', user='Administrator') (erpnext.localhost||aa5836df-6222-4d90-a079-6b05a8468d2b)
2025-04-22 14:18:38,963 Successfully completed frappe.utils.background_jobs.execute_job(event=None, is_async=True, job_name='frappe.model.delete_doc.delete_dynamic_links', kwargs={'doctype': 'Property Setter', 'name': 'Sales Invoice-rounded_total-hidden'..., method='frappe.model.delete_doc.delete_dynamic_links', site='erpnext.localhost', user='Administrator') job in 0:00:00.052415s on worker 1da0a337d6774d46ba8393ae54bacda0
2025-04-22 14:18:38,963 home-ninah-Eval-erp-ERPNext-me-erp-git-frappe:default: Job OK (erpnext.localhost||aa5836df-6222-4d90-a079-6b05a8468d2b)
2025-04-22 14:18:38,963 Result is kept for 600 seconds
2025-04-22 14:18:38,971 home-ninah-Eval-erp-ERPNext-me-erp-git-frappe:default: frappe.utils.background_jobs.execute_job(event=None, is_async=True, job_name='frappe.model.delete_doc.delete_dynamic_links', kwargs={'doctype': 'Property Setter', 'name': 'Sales Invoice-rounded_total-print_h..., method='frappe.model.delete_doc.delete_dynamic_links', site='erpnext.localhost', user='Administrator') (erpnext.localhost||9e930e4b-aedc-4abf-a994-21aadaa0604d)
2025-04-22 14:18:39,043 Successfully completed frappe.utils.background_jobs.execute_job(event=None, is_async=True, job_name='frappe.model.delete_doc.delete_dynamic_links', kwargs={'doctype': 'Property Setter', 'name': 'Sales Invoice-rounded_total-print_h..., method='frappe.model.delete_doc.delete_dynamic_links', site='erpnext.localhost', user='Administrator') job in 0:00:00.062137s on worker 1da0a337d6774d46ba8393ae54bacda0
2025-04-22 14:18:39,044 home-ninah-Eval-erp-ERPNext-me-erp-git-frappe:default: Job OK (erpnext.localhost||9e930e4b-aedc-4abf-a994-21aadaa0604d)
2025-04-22 14:18:39,044 Result is kept for 600 seconds
2025-04-22 14:18:39,050 home-ninah-Eval-erp-ERPNext-me-erp-git-frappe:default: frappe.utils.background_jobs.execute_job(event=None, is_async=True, job_name='frappe.model.delete_doc.delete_dynamic_links', kwargs={'doctype': 'Property Setter', 'name': 'Sales Invoice-disable_rounded_total..., method='frappe.model.delete_doc.delete_dynamic_links', site='erpnext.localhost', user='Administrator') (erpnext.localhost||a9158845-e94a-4c21-a707-1a5ee7b892b3)
2025-04-22 14:18:39,120 Successfully completed frappe.utils.background_jobs.execute_job(event=None, is_async=True, job_name='frappe.model.delete_doc.delete_dynamic_links', kwargs={'doctype': 'Property Setter', 'name': 'Sales Invoice-disable_rounded_total..., method='frappe.model.delete_doc.delete_dynamic_links', site='erpnext.localhost', user='Administrator') job in 0:00:00.061254s on worker 1da0a337d6774d46ba8393ae54bacda0
2025-04-22 14:18:39,120 home-ninah-Eval-erp-ERPNext-me-erp-git-frappe:default: Job OK (erpnext.localhost||a9158845-e94a-4c21-a707-1a5ee7b892b3)
2025-04-22 14:18:39,120 Result is kept for 600 seconds
2025-04-22 14:18:39,128 home-ninah-Eval-erp-ERPNext-me-erp-git-frappe:default: frappe.utils.background_jobs.execute_job(event=None, is_async=True, job_name='frappe.model.delete_doc.delete_dynamic_links', kwargs={'doctype': 'Property Setter', 'name': 'Delivery Note-base_rounded_total-hi..., method='frappe.model.delete_doc.delete_dynamic_links', site='erpnext.localhost', user='Administrator') (erpnext.localhost||ada9c97a-c415-424c-bf96-9aba8a0af71a)
2025-04-22 14:18:39,196 Successfully completed frappe.utils.background_jobs.execute_job(event=None, is_async=True, job_name='frappe.model.delete_doc.delete_dynamic_links', kwargs={'doctype': 'Property Setter', 'name': 'Delivery Note-base_rounded_total-hi..., method='frappe.model.delete_doc.delete_dynamic_links', site='erpnext.localhost', user='Administrator') job in 0:00:00.059118s on worker 1da0a337d6774d46ba8393ae54bacda0
2025-04-22 14:18:39,196 home-ninah-Eval-erp-ERPNext-me-erp-git-frappe:default: Job OK (erpnext.localhost||ada9c97a-c415-424c-bf96-9aba8a0af71a)
2025-04-22 14:18:39,196 Result is kept for 600 seconds
2025-04-22 14:18:39,201 home-ninah-Eval-erp-ERPNext-me-erp-git-frappe:default: frappe.utils.background_jobs.execute_job(event=None, is_async=True, job_name='frappe.model.delete_doc.delete_dynamic_links', kwargs={'doctype': 'Property Setter', 'name': 'Delivery Note-base_rounded_total-pr..., method='frappe.model.delete_doc.delete_dynamic_links', site='erpnext.localhost', user='Administrator') (erpnext.localhost||afba1740-1a13-4f78-b088-09a3df070633)
2025-04-22 14:18:39,257 Successfully completed frappe.utils.background_jobs.execute_job(event=None, is_async=True, job_name='frappe.model.delete_doc.delete_dynamic_links', kwargs={'doctype': 'Property Setter', 'name': 'Delivery Note-base_rounded_total-pr..., method='frappe.model.delete_doc.delete_dynamic_links', site='erpnext.localhost', user='Administrator') job in 0:00:00.048841s on worker 1da0a337d6774d46ba8393ae54bacda0
2025-04-22 14:18:39,258 home-ninah-Eval-erp-ERPNext-me-erp-git-frappe:default: Job OK (erpnext.localhost||afba1740-1a13-4f78-b088-09a3df070633)
2025-04-22 14:18:39,258 Result is kept for 600 seconds
2025-04-22 14:18:39,263 home-ninah-Eval-erp-ERPNext-me-erp-git-frappe:default: frappe.utils.background_jobs.execute_job(event=None, is_async=True, job_name='frappe.model.delete_doc.delete_dynamic_links', kwargs={'doctype': 'Property Setter', 'name': 'Delivery Note-rounded_total-hidden'..., method='frappe.model.delete_doc.delete_dynamic_links', site='erpnext.localhost', user='Administrator') (erpnext.localhost||72db6aa3-80fc-4540-bc5b-7ecb2645c345)
2025-04-22 14:18:39,318 Successfully completed frappe.utils.background_jobs.execute_job(event=None, is_async=True, job_name='frappe.model.delete_doc.delete_dynamic_links', kwargs={'doctype': 'Property Setter', 'name': 'Delivery Note-rounded_total-hidden'..., method='frappe.model.delete_doc.delete_dynamic_links', site='erpnext.localhost', user='Administrator') job in 0:00:00.047191s on worker 1da0a337d6774d46ba8393ae54bacda0
2025-04-22 14:18:39,318 home-ninah-Eval-erp-ERPNext-me-erp-git-frappe:default: Job OK (erpnext.localhost||72db6aa3-80fc-4540-bc5b-7ecb2645c345)
2025-04-22 14:18:39,318 Result is kept for 600 seconds
2025-04-22 14:18:39,323 home-ninah-Eval-erp-ERPNext-me-erp-git-frappe:default: frappe.utils.background_jobs.execute_job(event=None, is_async=True, job_name='frappe.model.delete_doc.delete_dynamic_links', kwargs={'doctype': 'Property Setter', 'name': 'Delivery Note-rounded_total-print_h..., method='frappe.model.delete_doc.delete_dynamic_links', site='erpnext.localhost', user='Administrator') (erpnext.localhost||677125c8-1d99-4f43-9ecf-c65abeb6e973)
2025-04-22 14:18:39,380 Successfully completed frappe.utils.background_jobs.execute_job(event=None, is_async=True, job_name='frappe.model.delete_doc.delete_dynamic_links', kwargs={'doctype': 'Property Setter', 'name': 'Delivery Note-rounded_total-print_h..., method='frappe.model.delete_doc.delete_dynamic_links', site='erpnext.localhost', user='Administrator') job in 0:00:00.049187s on worker 1da0a337d6774d46ba8393ae54bacda0
2025-04-22 14:18:39,380 home-ninah-Eval-erp-ERPNext-me-erp-git-frappe:default: Job OK (erpnext.localhost||677125c8-1d99-4f43-9ecf-c65abeb6e973)
2025-04-22 14:18:39,380 Result is kept for 600 seconds
2025-04-22 14:18:39,385 home-ninah-Eval-erp-ERPNext-me-erp-git-frappe:default: frappe.utils.background_jobs.execute_job(event=None, is_async=True, job_name='frappe.model.delete_doc.delete_dynamic_links', kwargs={'doctype': 'Property Setter', 'name': 'Delivery Note-disable_rounded_total..., method='frappe.model.delete_doc.delete_dynamic_links', site='erpnext.localhost', user='Administrator') (erpnext.localhost||6d2e65d5-cffc-4615-bd49-c4d7de05eb65)
2025-04-22 14:18:39,440 Successfully completed frappe.utils.background_jobs.execute_job(event=None, is_async=True, job_name='frappe.model.delete_doc.delete_dynamic_links', kwargs={'doctype': 'Property Setter', 'name': 'Delivery Note-disable_rounded_total..., method='frappe.model.delete_doc.delete_dynamic_links', site='erpnext.localhost', user='Administrator') job in 0:00:00.046710s on worker 1da0a337d6774d46ba8393ae54bacda0
2025-04-22 14:18:39,440 home-ninah-Eval-erp-ERPNext-me-erp-git-frappe:default: Job OK (erpnext.localhost||6d2e65d5-cffc-4615-bd49-c4d7de05eb65)
2025-04-22 14:18:39,440 Result is kept for 600 seconds
2025-04-22 14:18:39,445 home-ninah-Eval-erp-ERPNext-me-erp-git-frappe:default: frappe.utils.background_jobs.execute_job(event=None, is_async=True, job_name='frappe.model.delete_doc.delete_dynamic_links', kwargs={'doctype': 'Property Setter', 'name': 'Supplier Quotation-base_rounded_tot..., method='frappe.model.delete_doc.delete_dynamic_links', site='erpnext.localhost', user='Administrator') (erpnext.localhost||d09ff56a-8fc5-41a4-ae30-ce93caff4c7a)
2025-04-22 14:18:39,498 Successfully completed frappe.utils.background_jobs.execute_job(event=None, is_async=True, job_name='frappe.model.delete_doc.delete_dynamic_links', kwargs={'doctype': 'Property Setter', 'name': 'Supplier Quotation-base_rounded_tot..., method='frappe.model.delete_doc.delete_dynamic_links', site='erpnext.localhost', user='Administrator') job in 0:00:00.045330s on worker 1da0a337d6774d46ba8393ae54bacda0
2025-04-22 14:18:39,498 home-ninah-Eval-erp-ERPNext-me-erp-git-frappe:default: Job OK (erpnext.localhost||d09ff56a-8fc5-41a4-ae30-ce93caff4c7a)
2025-04-22 14:18:39,498 Result is kept for 600 seconds
2025-04-22 14:18:39,503 home-ninah-Eval-erp-ERPNext-me-erp-git-frappe:default: frappe.utils.background_jobs.execute_job(event=None, is_async=True, job_name='frappe.model.delete_doc.delete_dynamic_links', kwargs={'doctype': 'Property Setter', 'name': 'Supplier Quotation-base_rounded_tot..., method='frappe.model.delete_doc.delete_dynamic_links', site='erpnext.localhost', user='Administrator') (erpnext.localhost||83d89aa3-21b9-4756-bd56-1fc834975289)
2025-04-22 14:18:39,555 Successfully completed frappe.utils.background_jobs.execute_job(event=None, is_async=True, job_name='frappe.model.delete_doc.delete_dynamic_links', kwargs={'doctype': 'Property Setter', 'name': 'Supplier Quotation-base_rounded_tot..., method='frappe.model.delete_doc.delete_dynamic_links', site='erpnext.localhost', user='Administrator') job in 0:00:00.045345s on worker 1da0a337d6774d46ba8393ae54bacda0
2025-04-22 14:18:39,556 home-ninah-Eval-erp-ERPNext-me-erp-git-frappe:default: Job OK (erpnext.localhost||83d89aa3-21b9-4756-bd56-1fc834975289)
2025-04-22 14:18:39,556 Result is kept for 600 seconds
2025-04-22 14:18:39,561 home-ninah-Eval-erp-ERPNext-me-erp-git-frappe:default: frappe.utils.background_jobs.execute_job(event=None, is_async=True, job_name='frappe.model.delete_doc.delete_dynamic_links', kwargs={'doctype': 'Property Setter', 'name': 'Supplier Quotation-rounded_total-hi..., method='frappe.model.delete_doc.delete_dynamic_links', site='erpnext.localhost', user='Administrator') (erpnext.localhost||2a26d582-b7b7-4f57-9d63-15508a6391d0)
2025-04-22 14:18:39,615 Successfully completed frappe.utils.background_jobs.execute_job(event=None, is_async=True, job_name='frappe.model.delete_doc.delete_dynamic_links', kwargs={'doctype': 'Property Setter', 'name': 'Supplier Quotation-rounded_total-hi..., method='frappe.model.delete_doc.delete_dynamic_links', site='erpnext.localhost', user='Administrator') job in 0:00:00.046319s on worker 1da0a337d6774d46ba8393ae54bacda0
2025-04-22 14:18:39,615 home-ninah-Eval-erp-ERPNext-me-erp-git-frappe:default: Job OK (erpnext.localhost||2a26d582-b7b7-4f57-9d63-15508a6391d0)
2025-04-22 14:18:39,615 Result is kept for 600 seconds
2025-04-22 14:18:39,620 home-ninah-Eval-erp-ERPNext-me-erp-git-frappe:default: frappe.utils.background_jobs.execute_job(event=None, is_async=True, job_name='frappe.model.delete_doc.delete_dynamic_links', kwargs={'doctype': 'Property Setter', 'name': 'Supplier Quotation-rounded_total-pr..., method='frappe.model.delete_doc.delete_dynamic_links', site='erpnext.localhost', user='Administrator') (erpnext.localhost||2684d9ed-11ca-46af-b133-33dc43ff57ab)
2025-04-22 14:18:39,676 Successfully completed frappe.utils.background_jobs.execute_job(event=None, is_async=True, job_name='frappe.model.delete_doc.delete_dynamic_links', kwargs={'doctype': 'Property Setter', 'name': 'Supplier Quotation-rounded_total-pr..., method='frappe.model.delete_doc.delete_dynamic_links', site='erpnext.localhost', user='Administrator') job in 0:00:00.048055s on worker 1da0a337d6774d46ba8393ae54bacda0
2025-04-22 14:18:39,677 home-ninah-Eval-erp-ERPNext-me-erp-git-frappe:default: Job OK (erpnext.localhost||2684d9ed-11ca-46af-b133-33dc43ff57ab)
2025-04-22 14:18:39,677 Result is kept for 600 seconds
2025-04-22 14:18:39,682 home-ninah-Eval-erp-ERPNext-me-erp-git-frappe:default: frappe.utils.background_jobs.execute_job(event=None, is_async=True, job_name='frappe.model.delete_doc.delete_dynamic_links', kwargs={'doctype': 'Property Setter', 'name': 'Supplier Quotation-disable_rounded_..., method='frappe.model.delete_doc.delete_dynamic_links', site='erpnext.localhost', user='Administrator') (erpnext.localhost||130aa3f0-0c28-499f-9814-2139e8fc0492)
2025-04-22 14:18:39,737 Successfully completed frappe.utils.background_jobs.execute_job(event=None, is_async=True, job_name='frappe.model.delete_doc.delete_dynamic_links', kwargs={'doctype': 'Property Setter', 'name': 'Supplier Quotation-disable_rounded_..., method='frappe.model.delete_doc.delete_dynamic_links', site='erpnext.localhost', user='Administrator') job in 0:00:00.046821s on worker 1da0a337d6774d46ba8393ae54bacda0
2025-04-22 14:18:39,737 home-ninah-Eval-erp-ERPNext-me-erp-git-frappe:default: Job OK (erpnext.localhost||130aa3f0-0c28-499f-9814-2139e8fc0492)
2025-04-22 14:18:39,737 Result is kept for 600 seconds
2025-04-22 14:18:39,742 home-ninah-Eval-erp-ERPNext-me-erp-git-frappe:default: frappe.utils.background_jobs.execute_job(event=None, is_async=True, job_name='frappe.model.delete_doc.delete_dynamic_links', kwargs={'doctype': 'Property Setter', 'name': 'Purchase Order-base_rounded_total-h..., method='frappe.model.delete_doc.delete_dynamic_links', site='erpnext.localhost', user='Administrator') (erpnext.localhost||a19e6d30-5e77-43bb-8c49-bd326e0434d9)
2025-04-22 14:18:39,795 Successfully completed frappe.utils.background_jobs.execute_job(event=None, is_async=True, job_name='frappe.model.delete_doc.delete_dynamic_links', kwargs={'doctype': 'Property Setter', 'name': 'Purchase Order-base_rounded_total-h..., method='frappe.model.delete_doc.delete_dynamic_links', site='erpnext.localhost', user='Administrator') job in 0:00:00.045056s on worker 1da0a337d6774d46ba8393ae54bacda0
2025-04-22 14:18:39,795 home-ninah-Eval-erp-ERPNext-me-erp-git-frappe:default: Job OK (erpnext.localhost||a19e6d30-5e77-43bb-8c49-bd326e0434d9)
2025-04-22 14:18:39,795 Result is kept for 600 seconds
2025-04-22 14:18:39,800 home-ninah-Eval-erp-ERPNext-me-erp-git-frappe:default: frappe.utils.background_jobs.execute_job(event=None, is_async=True, job_name='frappe.model.delete_doc.delete_dynamic_links', kwargs={'doctype': 'Property Setter', 'name': 'Purchase Order-base_rounded_total-p..., method='frappe.model.delete_doc.delete_dynamic_links', site='erpnext.localhost', user='Administrator') (erpnext.localhost||4243b7b0-64ce-42d5-aaab-3d0df2cd95a5)
2025-04-22 14:18:39,851 Successfully completed frappe.utils.background_jobs.execute_job(event=None, is_async=True, job_name='frappe.model.delete_doc.delete_dynamic_links', kwargs={'doctype': 'Property Setter', 'name': 'Purchase Order-base_rounded_total-p..., method='frappe.model.delete_doc.delete_dynamic_links', site='erpnext.localhost', user='Administrator') job in 0:00:00.044406s on worker 1da0a337d6774d46ba8393ae54bacda0
2025-04-22 14:18:39,852 home-ninah-Eval-erp-ERPNext-me-erp-git-frappe:default: Job OK (erpnext.localhost||4243b7b0-64ce-42d5-aaab-3d0df2cd95a5)
2025-04-22 14:18:39,852 Result is kept for 600 seconds
2025-04-22 14:18:39,856 home-ninah-Eval-erp-ERPNext-me-erp-git-frappe:default: frappe.utils.background_jobs.execute_job(event=None, is_async=True, job_name='frappe.model.delete_doc.delete_dynamic_links', kwargs={'doctype': 'Property Setter', 'name': 'Purchase Order-rounded_total-hidden..., method='frappe.model.delete_doc.delete_dynamic_links', site='erpnext.localhost', user='Administrator') (erpnext.localhost||dc8e5398-4759-4c31-9f70-09ed93dad9b8)
2025-04-22 14:18:39,909 Successfully completed frappe.utils.background_jobs.execute_job(event=None, is_async=True, job_name='frappe.model.delete_doc.delete_dynamic_links', kwargs={'doctype': 'Property Setter', 'name': 'Purchase Order-rounded_total-hidden..., method='frappe.model.delete_doc.delete_dynamic_links', site='erpnext.localhost', user='Administrator') job in 0:00:00.045325s on worker 1da0a337d6774d46ba8393ae54bacda0
2025-04-22 14:18:39,909 home-ninah-Eval-erp-ERPNext-me-erp-git-frappe:default: Job OK (erpnext.localhost||dc8e5398-4759-4c31-9f70-09ed93dad9b8)
2025-04-22 14:18:39,910 Result is kept for 600 seconds
2025-04-22 14:18:39,914 home-ninah-Eval-erp-ERPNext-me-erp-git-frappe:default: frappe.utils.background_jobs.execute_job(event=None, is_async=True, job_name='frappe.model.delete_doc.delete_dynamic_links', kwargs={'doctype': 'Property Setter', 'name': 'Purchase Order-rounded_total-print_..., method='frappe.model.delete_doc.delete_dynamic_links', site='erpnext.localhost', user='Administrator') (erpnext.localhost||3d27e57a-2a2f-473c-9362-71f8088dded8)
2025-04-22 14:18:39,966 Successfully completed frappe.utils.background_jobs.execute_job(event=None, is_async=True, job_name='frappe.model.delete_doc.delete_dynamic_links', kwargs={'doctype': 'Property Setter', 'name': 'Purchase Order-rounded_total-print_..., method='frappe.model.delete_doc.delete_dynamic_links', site='erpnext.localhost', user='Administrator') job in 0:00:00.044739s on worker 1da0a337d6774d46ba8393ae54bacda0
2025-04-22 14:18:39,967 home-ninah-Eval-erp-ERPNext-me-erp-git-frappe:default: Job OK (erpnext.localhost||3d27e57a-2a2f-473c-9362-71f8088dded8)
2025-04-22 14:18:39,967 Result is kept for 600 seconds
2025-04-22 14:18:39,971 home-ninah-Eval-erp-ERPNext-me-erp-git-frappe:default: frappe.utils.background_jobs.execute_job(event=None, is_async=True, job_name='frappe.model.delete_doc.delete_dynamic_links', kwargs={'doctype': 'Property Setter', 'name': 'Purchase Order-disable_rounded_tota..., method='frappe.model.delete_doc.delete_dynamic_links', site='erpnext.localhost', user='Administrator') (erpnext.localhost||3f360fdb-29b6-418c-9641-704843306088)
2025-04-22 14:18:40,022 Successfully completed frappe.utils.background_jobs.execute_job(event=None, is_async=True, job_name='frappe.model.delete_doc.delete_dynamic_links', kwargs={'doctype': 'Property Setter', 'name': 'Purchase Order-disable_rounded_tota..., method='frappe.model.delete_doc.delete_dynamic_links', site='erpnext.localhost', user='Administrator') job in 0:00:00.043457s on worker 1da0a337d6774d46ba8393ae54bacda0
2025-04-22 14:18:40,022 home-ninah-Eval-erp-ERPNext-me-erp-git-frappe:default: Job OK (erpnext.localhost||3f360fdb-29b6-418c-9641-704843306088)
2025-04-22 14:18:40,022 Result is kept for 600 seconds
2025-04-22 14:18:40,027 home-ninah-Eval-erp-ERPNext-me-erp-git-frappe:default: frappe.utils.background_jobs.execute_job(event=None, is_async=True, job_name='frappe.model.delete_doc.delete_dynamic_links', kwargs={'doctype': 'Property Setter', 'name': 'Purchase Invoice-base_rounded_total..., method='frappe.model.delete_doc.delete_dynamic_links', site='erpnext.localhost', user='Administrator') (erpnext.localhost||765833c1-e2df-4ffd-8da9-1b4b70127d8e)
2025-04-22 14:18:40,077 Successfully completed frappe.utils.background_jobs.execute_job(event=None, is_async=True, job_name='frappe.model.delete_doc.delete_dynamic_links', kwargs={'doctype': 'Property Setter', 'name': 'Purchase Invoice-base_rounded_total..., method='frappe.model.delete_doc.delete_dynamic_links', site='erpnext.localhost', user='Administrator') job in 0:00:00.043354s on worker 1da0a337d6774d46ba8393ae54bacda0
2025-04-22 14:18:40,078 home-ninah-Eval-erp-ERPNext-me-erp-git-frappe:default: Job OK (erpnext.localhost||765833c1-e2df-4ffd-8da9-1b4b70127d8e)
2025-04-22 14:18:40,078 Result is kept for 600 seconds
2025-04-22 14:18:40,082 home-ninah-Eval-erp-ERPNext-me-erp-git-frappe:default: frappe.utils.background_jobs.execute_job(event=None, is_async=True, job_name='frappe.model.delete_doc.delete_dynamic_links', kwargs={'doctype': 'Property Setter', 'name': 'Purchase Invoice-base_rounded_total..., method='frappe.model.delete_doc.delete_dynamic_links', site='erpnext.localhost', user='Administrator') (erpnext.localhost||d5326d37-400e-4841-8c8f-105ba2616c0d)
2025-04-22 14:18:40,133 Successfully completed frappe.utils.background_jobs.execute_job(event=None, is_async=True, job_name='frappe.model.delete_doc.delete_dynamic_links', kwargs={'doctype': 'Property Setter', 'name': 'Purchase Invoice-base_rounded_total..., method='frappe.model.delete_doc.delete_dynamic_links', site='erpnext.localhost', user='Administrator') job in 0:00:00.043289s on worker 1da0a337d6774d46ba8393ae54bacda0
2025-04-22 14:18:40,133 home-ninah-Eval-erp-ERPNext-me-erp-git-frappe:default: Job OK (erpnext.localhost||d5326d37-400e-4841-8c8f-105ba2616c0d)
2025-04-22 14:18:40,133 Result is kept for 600 seconds
2025-04-22 14:18:40,138 home-ninah-Eval-erp-ERPNext-me-erp-git-frappe:default: frappe.utils.background_jobs.execute_job(event=None, is_async=True, job_name='frappe.model.delete_doc.delete_dynamic_links', kwargs={'doctype': 'Property Setter', 'name': 'Purchase Invoice-rounded_total-hidd..., method='frappe.model.delete_doc.delete_dynamic_links', site='erpnext.localhost', user='Administrator') (erpnext.localhost||89b0cfc1-b39e-4693-ad0a-adc4bca7841d)
2025-04-22 14:18:40,189 Successfully completed frappe.utils.background_jobs.execute_job(event=None, is_async=True, job_name='frappe.model.delete_doc.delete_dynamic_links', kwargs={'doctype': 'Property Setter', 'name': 'Purchase Invoice-rounded_total-hidd..., method='frappe.model.delete_doc.delete_dynamic_links', site='erpnext.localhost', user='Administrator') job in 0:00:00.043567s on worker 1da0a337d6774d46ba8393ae54bacda0
2025-04-22 14:18:40,189 home-ninah-Eval-erp-ERPNext-me-erp-git-frappe:default: Job OK (erpnext.localhost||89b0cfc1-b39e-4693-ad0a-adc4bca7841d)
2025-04-22 14:18:40,189 Result is kept for 600 seconds
2025-04-22 14:18:40,194 home-ninah-Eval-erp-ERPNext-me-erp-git-frappe:default: frappe.utils.background_jobs.execute_job(event=None, is_async=True, job_name='frappe.model.delete_doc.delete_dynamic_links', kwargs={'doctype': 'Property Setter', 'name': 'Purchase Invoice-rounded_total-prin..., method='frappe.model.delete_doc.delete_dynamic_links', site='erpnext.localhost', user='Administrator') (erpnext.localhost||226473ba-fec4-4f96-806d-7b003db1898c)
2025-04-22 14:18:40,244 Successfully completed frappe.utils.background_jobs.execute_job(event=None, is_async=True, job_name='frappe.model.delete_doc.delete_dynamic_links', kwargs={'doctype': 'Property Setter', 'name': 'Purchase Invoice-rounded_total-prin..., method='frappe.model.delete_doc.delete_dynamic_links', site='erpnext.localhost', user='Administrator') job in 0:00:00.043404s on worker 1da0a337d6774d46ba8393ae54bacda0
2025-04-22 14:18:40,244 home-ninah-Eval-erp-ERPNext-me-erp-git-frappe:default: Job OK (erpnext.localhost||226473ba-fec4-4f96-806d-7b003db1898c)
2025-04-22 14:18:40,244 Result is kept for 600 seconds
2025-04-22 14:18:40,249 home-ninah-Eval-erp-ERPNext-me-erp-git-frappe:default: frappe.utils.background_jobs.execute_job(event=None, is_async=True, job_name='frappe.model.delete_doc.delete_dynamic_links', kwargs={'doctype': 'Property Setter', 'name': 'Purchase Invoice-disable_rounded_to..., method='frappe.model.delete_doc.delete_dynamic_links', site='erpnext.localhost', user='Administrator') (erpnext.localhost||a8b36126-c3d8-4576-b932-5cbdfc34c738)
2025-04-22 14:18:40,302 Successfully completed frappe.utils.background_jobs.execute_job(event=None, is_async=True, job_name='frappe.model.delete_doc.delete_dynamic_links', kwargs={'doctype': 'Property Setter', 'name': 'Purchase Invoice-disable_rounded_to..., method='frappe.model.delete_doc.delete_dynamic_links', site='erpnext.localhost', user='Administrator') job in 0:00:00.044747s on worker 1da0a337d6774d46ba8393ae54bacda0
2025-04-22 14:18:40,302 home-ninah-Eval-erp-ERPNext-me-erp-git-frappe:default: Job OK (erpnext.localhost||a8b36126-c3d8-4576-b932-5cbdfc34c738)
2025-04-22 14:18:40,302 Result is kept for 600 seconds
2025-04-22 14:18:40,307 home-ninah-Eval-erp-ERPNext-me-erp-git-frappe:default: frappe.utils.background_jobs.execute_job(event=None, is_async=True, job_name='frappe.model.delete_doc.delete_dynamic_links', kwargs={'doctype': 'Property Setter', 'name': 'Purchase Receipt-base_rounded_total..., method='frappe.model.delete_doc.delete_dynamic_links', site='erpnext.localhost', user='Administrator') (erpnext.localhost||ce05b85b-2c39-41c8-81fa-3a75574739a4)
2025-04-22 14:18:40,363 Successfully completed frappe.utils.background_jobs.execute_job(event=None, is_async=True, job_name='frappe.model.delete_doc.delete_dynamic_links', kwargs={'doctype': 'Property Setter', 'name': 'Purchase Receipt-base_rounded_total..., method='frappe.model.delete_doc.delete_dynamic_links', site='erpnext.localhost', user='Administrator') job in 0:00:00.047504s on worker 1da0a337d6774d46ba8393ae54bacda0
2025-04-22 14:18:40,363 home-ninah-Eval-erp-ERPNext-me-erp-git-frappe:default: Job OK (erpnext.localhost||ce05b85b-2c39-41c8-81fa-3a75574739a4)
2025-04-22 14:18:40,363 Result is kept for 600 seconds
2025-04-22 14:18:40,368 home-ninah-Eval-erp-ERPNext-me-erp-git-frappe:default: frappe.utils.background_jobs.execute_job(event=None, is_async=True, job_name='frappe.model.delete_doc.delete_dynamic_links', kwargs={'doctype': 'Property Setter', 'name': 'Purchase Receipt-base_rounded_total..., method='frappe.model.delete_doc.delete_dynamic_links', site='erpnext.localhost', user='Administrator') (erpnext.localhost||4a3647cd-5057-4cfb-881e-e3f50d11af1c)
2025-04-22 14:18:40,424 Successfully completed frappe.utils.background_jobs.execute_job(event=None, is_async=True, job_name='frappe.model.delete_doc.delete_dynamic_links', kwargs={'doctype': 'Property Setter', 'name': 'Purchase Receipt-base_rounded_total..., method='frappe.model.delete_doc.delete_dynamic_links', site='erpnext.localhost', user='Administrator') job in 0:00:00.047993s on worker 1da0a337d6774d46ba8393ae54bacda0
2025-04-22 14:18:40,424 home-ninah-Eval-erp-ERPNext-me-erp-git-frappe:default: Job OK (erpnext.localhost||4a3647cd-5057-4cfb-881e-e3f50d11af1c)
2025-04-22 14:18:40,424 Result is kept for 600 seconds
2025-04-22 14:18:40,431 home-ninah-Eval-erp-ERPNext-me-erp-git-frappe:default: frappe.utils.background_jobs.execute_job(event=None, is_async=True, job_name='frappe.model.delete_doc.delete_dynamic_links', kwargs={'doctype': 'Property Setter', 'name': 'Purchase Receipt-rounded_total-hidd..., method='frappe.model.delete_doc.delete_dynamic_links', site='erpnext.localhost', user='Administrator') (erpnext.localhost||ac33b466-6946-479f-af4b-83a9851deed0)
2025-04-22 14:18:40,489 Successfully completed frappe.utils.background_jobs.execute_job(event=None, is_async=True, job_name='frappe.model.delete_doc.delete_dynamic_links', kwargs={'doctype': 'Property Setter', 'name': 'Purchase Receipt-rounded_total-hidd..., method='frappe.model.delete_doc.delete_dynamic_links', site='erpnext.localhost', user='Administrator') job in 0:00:00.050151s on worker 1da0a337d6774d46ba8393ae54bacda0
2025-04-22 14:18:40,489 home-ninah-Eval-erp-ERPNext-me-erp-git-frappe:default: Job OK (erpnext.localhost||ac33b466-6946-479f-af4b-83a9851deed0)
2025-04-22 14:18:40,489 Result is kept for 600 seconds
2025-04-22 14:18:40,494 home-ninah-Eval-erp-ERPNext-me-erp-git-frappe:default: frappe.utils.background_jobs.execute_job(event=None, is_async=True, job_name='frappe.model.delete_doc.delete_dynamic_links', kwargs={'doctype': 'Property Setter', 'name': 'Purchase Receipt-rounded_total-prin..., method='frappe.model.delete_doc.delete_dynamic_links', site='erpnext.localhost', user='Administrator') (erpnext.localhost||52760eea-4035-4dfe-beeb-a5fbfe3bc2ac)
2025-04-22 14:18:40,555 Successfully completed frappe.utils.background_jobs.execute_job(event=None, is_async=True, job_name='frappe.model.delete_doc.delete_dynamic_links', kwargs={'doctype': 'Property Setter', 'name': 'Purchase Receipt-rounded_total-prin..., method='frappe.model.delete_doc.delete_dynamic_links', site='erpnext.localhost', user='Administrator') job in 0:00:00.052269s on worker 1da0a337d6774d46ba8393ae54bacda0
2025-04-22 14:18:40,555 home-ninah-Eval-erp-ERPNext-me-erp-git-frappe:default: Job OK (erpnext.localhost||52760eea-4035-4dfe-beeb-a5fbfe3bc2ac)
2025-04-22 14:18:40,556 Result is kept for 600 seconds
2025-04-22 14:18:40,561 home-ninah-Eval-erp-ERPNext-me-erp-git-frappe:default: frappe.utils.background_jobs.execute_job(event=None, is_async=True, job_name='frappe.model.delete_doc.delete_dynamic_links', kwargs={'doctype': 'Property Setter', 'name': 'Purchase Receipt-disable_rounded_to..., method='frappe.model.delete_doc.delete_dynamic_links', site='erpnext.localhost', user='Administrator') (erpnext.localhost||18e1a374-9592-4284-a543-df36463bbe25)
2025-04-22 14:18:40,623 Successfully completed frappe.utils.background_jobs.execute_job(event=None, is_async=True, job_name='frappe.model.delete_doc.delete_dynamic_links', kwargs={'doctype': 'Property Setter', 'name': 'Purchase Receipt-disable_rounded_to..., method='frappe.model.delete_doc.delete_dynamic_links', site='erpnext.localhost', user='Administrator') job in 0:00:00.052771s on worker 1da0a337d6774d46ba8393ae54bacda0
2025-04-22 14:18:40,623 home-ninah-Eval-erp-ERPNext-me-erp-git-frappe:default: Job OK (erpnext.localhost||18e1a374-9592-4284-a543-df36463bbe25)
2025-04-22 14:18:40,623 Result is kept for 600 seconds
2025-04-22 14:18:40,629 home-ninah-Eval-erp-ERPNext-me-erp-git-frappe:default: frappe.utils.background_jobs.execute_job(event=None, is_async=True, job_name='frappe.model.delete_doc.delete_dynamic_links', kwargs={'doctype': 'Property Setter', 'name': 'Quotation-in_words-hidden'}, method='frappe.model.delete_doc.delete_dynamic_links', site='erpnext.localhost', user='Administrator') (erpnext.localhost||df71359b-9cc5-44f9-a70b-f0d7b665fad3)
2025-04-22 14:18:40,690 Successfully completed frappe.utils.background_jobs.execute_job(event=None, is_async=True, job_name='frappe.model.delete_doc.delete_dynamic_links', kwargs={'doctype': 'Property Setter', 'name': 'Quotation-in_words-hidden'}, method='frappe.model.delete_doc.delete_dynamic_links', site='erpnext.localhost', user='Administrator') job in 0:00:00.052966s on worker 1da0a337d6774d46ba8393ae54bacda0
2025-04-22 14:18:40,690 home-ninah-Eval-erp-ERPNext-me-erp-git-frappe:default: Job OK (erpnext.localhost||df71359b-9cc5-44f9-a70b-f0d7b665fad3)
2025-04-22 14:18:40,690 Result is kept for 600 seconds
2025-04-22 14:18:40,697 home-ninah-Eval-erp-ERPNext-me-erp-git-frappe:default: frappe.utils.background_jobs.execute_job(event=None, is_async=True, job_name='frappe.model.delete_doc.delete_dynamic_links', kwargs={'doctype': 'Property Setter', 'name': 'Quotation-in_words-print_hide'}, method='frappe.model.delete_doc.delete_dynamic_links', site='erpnext.localhost', user='Administrator') (erpnext.localhost||3e8f80d1-83d8-4054-98c3-832b496ad4c5)
2025-04-22 14:18:40,754 Successfully completed frappe.utils.background_jobs.execute_job(event=None, is_async=True, job_name='frappe.model.delete_doc.delete_dynamic_links', kwargs={'doctype': 'Property Setter', 'name': 'Quotation-in_words-print_hide'}, method='frappe.model.delete_doc.delete_dynamic_links', site='erpnext.localhost', user='Administrator') job in 0:00:00.047720s on worker 1da0a337d6774d46ba8393ae54bacda0
2025-04-22 14:18:40,754 home-ninah-Eval-erp-ERPNext-me-erp-git-frappe:default: Job OK (erpnext.localhost||3e8f80d1-83d8-4054-98c3-832b496ad4c5)
2025-04-22 14:18:40,754 Result is kept for 600 seconds
2025-04-22 14:18:40,759 home-ninah-Eval-erp-ERPNext-me-erp-git-frappe:default: frappe.utils.background_jobs.execute_job(event=None, is_async=True, job_name='frappe.model.delete_doc.delete_dynamic_links', kwargs={'doctype': 'Property Setter', 'name': 'Sales Order-in_words-hidden'}, method='frappe.model.delete_doc.delete_dynamic_links', site='erpnext.localhost', user='Administrator') (erpnext.localhost||ad2e92a4-4e56-4de2-90d4-320a1b4f4ff2)
2025-04-22 14:18:40,816 Successfully completed frappe.utils.background_jobs.execute_job(event=None, is_async=True, job_name='frappe.model.delete_doc.delete_dynamic_links', kwargs={'doctype': 'Property Setter', 'name': 'Sales Order-in_words-hidden'}, method='frappe.model.delete_doc.delete_dynamic_links', site='erpnext.localhost', user='Administrator') job in 0:00:00.049284s on worker 1da0a337d6774d46ba8393ae54bacda0
2025-04-22 14:18:40,816 home-ninah-Eval-erp-ERPNext-me-erp-git-frappe:default: Job OK (erpnext.localhost||ad2e92a4-4e56-4de2-90d4-320a1b4f4ff2)
2025-04-22 14:18:40,816 Result is kept for 600 seconds
2025-04-22 14:18:40,822 home-ninah-Eval-erp-ERPNext-me-erp-git-frappe:default: frappe.utils.background_jobs.execute_job(event=None, is_async=True, job_name='frappe.model.delete_doc.delete_dynamic_links', kwargs={'doctype': 'Property Setter', 'name': 'Sales Order-in_words-print_hide'}, method='frappe.model.delete_doc.delete_dynamic_links', site='erpnext.localhost', user='Administrator') (erpnext.localhost||cf5a95a0-15cc-48e1-99d6-33b5ffec04b3)
2025-04-22 14:18:40,878 Successfully completed frappe.utils.background_jobs.execute_job(event=None, is_async=True, job_name='frappe.model.delete_doc.delete_dynamic_links', kwargs={'doctype': 'Property Setter', 'name': 'Sales Order-in_words-print_hide'}, method='frappe.model.delete_doc.delete_dynamic_links', site='erpnext.localhost', user='Administrator') job in 0:00:00.047599s on worker 1da0a337d6774d46ba8393ae54bacda0
2025-04-22 14:18:40,878 home-ninah-Eval-erp-ERPNext-me-erp-git-frappe:default: Job OK (erpnext.localhost||cf5a95a0-15cc-48e1-99d6-33b5ffec04b3)
2025-04-22 14:18:40,878 Result is kept for 600 seconds
2025-04-22 14:18:40,883 home-ninah-Eval-erp-ERPNext-me-erp-git-frappe:default: frappe.utils.background_jobs.execute_job(event=None, is_async=True, job_name='frappe.model.delete_doc.delete_dynamic_links', kwargs={'doctype': 'Property Setter', 'name': 'Sales Invoice-in_words-hidden'}, method='frappe.model.delete_doc.delete_dynamic_links', site='erpnext.localhost', user='Administrator') (erpnext.localhost||a8d9f455-6103-481c-bc69-0366595da581)
2025-04-22 14:18:40,937 Successfully completed frappe.utils.background_jobs.execute_job(event=None, is_async=True, job_name='frappe.model.delete_doc.delete_dynamic_links', kwargs={'doctype': 'Property Setter', 'name': 'Sales Invoice-in_words-hidden'}, method='frappe.model.delete_doc.delete_dynamic_links', site='erpnext.localhost', user='Administrator') job in 0:00:00.046533s on worker 1da0a337d6774d46ba8393ae54bacda0
2025-04-22 14:18:40,937 home-ninah-Eval-erp-ERPNext-me-erp-git-frappe:default: Job OK (erpnext.localhost||a8d9f455-6103-481c-bc69-0366595da581)
2025-04-22 14:18:40,937 Result is kept for 600 seconds
2025-04-22 14:18:40,942 home-ninah-Eval-erp-ERPNext-me-erp-git-frappe:default: frappe.utils.background_jobs.execute_job(event=None, is_async=True, job_name='frappe.model.delete_doc.delete_dynamic_links', kwargs={'doctype': 'Property Setter', 'name': 'Sales Invoice-in_words-print_hide'}, method='frappe.model.delete_doc.delete_dynamic_links', site='erpnext.localhost', user='Administrator') (erpnext.localhost||c780c6ea-f9e7-4fc5-98b7-7ccf4c39f514)
2025-04-22 14:18:40,994 Successfully completed frappe.utils.background_jobs.execute_job(event=None, is_async=True, job_name='frappe.model.delete_doc.delete_dynamic_links', kwargs={'doctype': 'Property Setter', 'name': 'Sales Invoice-in_words-print_hide'}, method='frappe.model.delete_doc.delete_dynamic_links', site='erpnext.localhost', user='Administrator') job in 0:00:00.044706s on worker 1da0a337d6774d46ba8393ae54bacda0
2025-04-22 14:18:40,994 home-ninah-Eval-erp-ERPNext-me-erp-git-frappe:default: Job OK (erpnext.localhost||c780c6ea-f9e7-4fc5-98b7-7ccf4c39f514)
2025-04-22 14:18:40,994 Result is kept for 600 seconds
2025-04-22 14:18:40,999 home-ninah-Eval-erp-ERPNext-me-erp-git-frappe:default: frappe.utils.background_jobs.execute_job(event=None, is_async=True, job_name='frappe.model.delete_doc.delete_dynamic_links', kwargs={'doctype': 'Property Setter', 'name': 'Delivery Note-in_words-hidden'}, method='frappe.model.delete_doc.delete_dynamic_links', site='erpnext.localhost', user='Administrator') (erpnext.localhost||26d831bb-d2ed-4193-80f4-6df4f4df41e3)
2025-04-22 14:18:41,051 Successfully completed frappe.utils.background_jobs.execute_job(event=None, is_async=True, job_name='frappe.model.delete_doc.delete_dynamic_links', kwargs={'doctype': 'Property Setter', 'name': 'Delivery Note-in_words-hidden'}, method='frappe.model.delete_doc.delete_dynamic_links', site='erpnext.localhost', user='Administrator') job in 0:00:00.044807s on worker 1da0a337d6774d46ba8393ae54bacda0
2025-04-22 14:18:41,052 home-ninah-Eval-erp-ERPNext-me-erp-git-frappe:default: Job OK (erpnext.localhost||26d831bb-d2ed-4193-80f4-6df4f4df41e3)
2025-04-22 14:18:41,052 Result is kept for 600 seconds
2025-04-22 14:18:41,057 home-ninah-Eval-erp-ERPNext-me-erp-git-frappe:default: frappe.utils.background_jobs.execute_job(event=None, is_async=True, job_name='frappe.model.delete_doc.delete_dynamic_links', kwargs={'doctype': 'Property Setter', 'name': 'Delivery Note-in_words-print_hide'}, method='frappe.model.delete_doc.delete_dynamic_links', site='erpnext.localhost', user='Administrator') (erpnext.localhost||5025c6a4-d7dd-45e6-a642-2a9d059dffa5)
2025-04-22 14:18:41,110 Successfully completed frappe.utils.background_jobs.execute_job(event=None, is_async=True, job_name='frappe.model.delete_doc.delete_dynamic_links', kwargs={'doctype': 'Property Setter', 'name': 'Delivery Note-in_words-print_hide'}, method='frappe.model.delete_doc.delete_dynamic_links', site='erpnext.localhost', user='Administrator') job in 0:00:00.045720s on worker 1da0a337d6774d46ba8393ae54bacda0
2025-04-22 14:18:41,110 home-ninah-Eval-erp-ERPNext-me-erp-git-frappe:default: Job OK (erpnext.localhost||5025c6a4-d7dd-45e6-a642-2a9d059dffa5)
2025-04-22 14:18:41,110 Result is kept for 600 seconds
2025-04-22 14:18:41,115 home-ninah-Eval-erp-ERPNext-me-erp-git-frappe:default: frappe.utils.background_jobs.execute_job(event=None, is_async=True, job_name='frappe.model.delete_doc.delete_dynamic_links', kwargs={'doctype': 'Property Setter', 'name': 'Supplier Quotation-in_words-hidden'..., method='frappe.model.delete_doc.delete_dynamic_links', site='erpnext.localhost', user='Administrator') (erpnext.localhost||c9436751-0272-468f-a240-eebbe697b304)
2025-04-22 14:18:41,167 Successfully completed frappe.utils.background_jobs.execute_job(event=None, is_async=True, job_name='frappe.model.delete_doc.delete_dynamic_links', kwargs={'doctype': 'Property Setter', 'name': 'Supplier Quotation-in_words-hidden'..., method='frappe.model.delete_doc.delete_dynamic_links', site='erpnext.localhost', user='Administrator') job in 0:00:00.044472s on worker 1da0a337d6774d46ba8393ae54bacda0
2025-04-22 14:18:41,167 home-ninah-Eval-erp-ERPNext-me-erp-git-frappe:default: Job OK (erpnext.localhost||c9436751-0272-468f-a240-eebbe697b304)
2025-04-22 14:18:41,167 Result is kept for 600 seconds
2025-04-22 14:18:41,172 home-ninah-Eval-erp-ERPNext-me-erp-git-frappe:default: frappe.utils.background_jobs.execute_job(event=None, is_async=True, job_name='frappe.model.delete_doc.delete_dynamic_links', kwargs={'doctype': 'Property Setter', 'name': 'Supplier Quotation-in_words-print_h..., method='frappe.model.delete_doc.delete_dynamic_links', site='erpnext.localhost', user='Administrator') (erpnext.localhost||782908a0-6ebb-42d0-93c9-8a29c59ce7b0)
2025-04-22 14:18:41,225 Successfully completed frappe.utils.background_jobs.execute_job(event=None, is_async=True, job_name='frappe.model.delete_doc.delete_dynamic_links', kwargs={'doctype': 'Property Setter', 'name': 'Supplier Quotation-in_words-print_h..., method='frappe.model.delete_doc.delete_dynamic_links', site='erpnext.localhost', user='Administrator') job in 0:00:00.045229s on worker 1da0a337d6774d46ba8393ae54bacda0
2025-04-22 14:18:41,225 home-ninah-Eval-erp-ERPNext-me-erp-git-frappe:default: Job OK (erpnext.localhost||782908a0-6ebb-42d0-93c9-8a29c59ce7b0)
2025-04-22 14:18:41,225 Result is kept for 600 seconds
2025-04-22 14:18:41,230 home-ninah-Eval-erp-ERPNext-me-erp-git-frappe:default: frappe.utils.background_jobs.execute_job(event=None, is_async=True, job_name='frappe.model.delete_doc.delete_dynamic_links', kwargs={'doctype': 'Property Setter', 'name': 'Purchase Order-in_words-hidden'}, method='frappe.model.delete_doc.delete_dynamic_links', site='erpnext.localhost', user='Administrator') (erpnext.localhost||034d2181-7b39-4ef1-8e97-a1161de1f363)
2025-04-22 14:18:41,281 Successfully completed frappe.utils.background_jobs.execute_job(event=None, is_async=True, job_name='frappe.model.delete_doc.delete_dynamic_links', kwargs={'doctype': 'Property Setter', 'name': 'Purchase Order-in_words-hidden'}, method='frappe.model.delete_doc.delete_dynamic_links', site='erpnext.localhost', user='Administrator') job in 0:00:00.044347s on worker 1da0a337d6774d46ba8393ae54bacda0
2025-04-22 14:18:41,282 home-ninah-Eval-erp-ERPNext-me-erp-git-frappe:default: Job OK (erpnext.localhost||034d2181-7b39-4ef1-8e97-a1161de1f363)
2025-04-22 14:18:41,282 Result is kept for 600 seconds
2025-04-22 14:18:41,286 home-ninah-Eval-erp-ERPNext-me-erp-git-frappe:default: frappe.utils.background_jobs.execute_job(event=None, is_async=True, job_name='frappe.model.delete_doc.delete_dynamic_links', kwargs={'doctype': 'Property Setter', 'name': 'Purchase Order-in_words-print_hide'..., method='frappe.model.delete_doc.delete_dynamic_links', site='erpnext.localhost', user='Administrator') (erpnext.localhost||0b8959fa-cd71-4043-982b-c4703a154956)
2025-04-22 14:18:41,338 Successfully completed frappe.utils.background_jobs.execute_job(event=None, is_async=True, job_name='frappe.model.delete_doc.delete_dynamic_links', kwargs={'doctype': 'Property Setter', 'name': 'Purchase Order-in_words-print_hide'..., method='frappe.model.delete_doc.delete_dynamic_links', site='erpnext.localhost', user='Administrator') job in 0:00:00.043963s on worker 1da0a337d6774d46ba8393ae54bacda0
2025-04-22 14:18:41,338 home-ninah-Eval-erp-ERPNext-me-erp-git-frappe:default: Job OK (erpnext.localhost||0b8959fa-cd71-4043-982b-c4703a154956)
2025-04-22 14:18:41,338 Result is kept for 600 seconds
2025-04-22 14:18:41,343 home-ninah-Eval-erp-ERPNext-me-erp-git-frappe:default: frappe.utils.background_jobs.execute_job(event=None, is_async=True, job_name='frappe.model.delete_doc.delete_dynamic_links', kwargs={'doctype': 'Property Setter', 'name': 'Purchase Invoice-in_words-hidden'}, method='frappe.model.delete_doc.delete_dynamic_links', site='erpnext.localhost', user='Administrator') (erpnext.localhost||e87ebb22-4600-4d1a-8c06-542a80fe2da5)
2025-04-22 14:18:41,394 Successfully completed frappe.utils.background_jobs.execute_job(event=None, is_async=True, job_name='frappe.model.delete_doc.delete_dynamic_links', kwargs={'doctype': 'Property Setter', 'name': 'Purchase Invoice-in_words-hidden'}, method='frappe.model.delete_doc.delete_dynamic_links', site='erpnext.localhost', user='Administrator') job in 0:00:00.043507s on worker 1da0a337d6774d46ba8393ae54bacda0
2025-04-22 14:18:41,394 home-ninah-Eval-erp-ERPNext-me-erp-git-frappe:default: Job OK (erpnext.localhost||e87ebb22-4600-4d1a-8c06-542a80fe2da5)
2025-04-22 14:18:41,394 Result is kept for 600 seconds
2025-04-22 14:18:41,399 home-ninah-Eval-erp-ERPNext-me-erp-git-frappe:default: frappe.utils.background_jobs.execute_job(event=None, is_async=True, job_name='frappe.model.delete_doc.delete_dynamic_links', kwargs={'doctype': 'Property Setter', 'name': 'Purchase Invoice-in_words-print_hid..., method='frappe.model.delete_doc.delete_dynamic_links', site='erpnext.localhost', user='Administrator') (erpnext.localhost||b60ab2fa-f247-411f-92c0-649dcc6dbb5e)
2025-04-22 14:18:41,450 Successfully completed frappe.utils.background_jobs.execute_job(event=None, is_async=True, job_name='frappe.model.delete_doc.delete_dynamic_links', kwargs={'doctype': 'Property Setter', 'name': 'Purchase Invoice-in_words-print_hid..., method='frappe.model.delete_doc.delete_dynamic_links', site='erpnext.localhost', user='Administrator') job in 0:00:00.043803s on worker 1da0a337d6774d46ba8393ae54bacda0
2025-04-22 14:18:41,450 home-ninah-Eval-erp-ERPNext-me-erp-git-frappe:default: Job OK (erpnext.localhost||b60ab2fa-f247-411f-92c0-649dcc6dbb5e)
2025-04-22 14:18:41,450 Result is kept for 600 seconds
2025-04-22 14:18:41,454 home-ninah-Eval-erp-ERPNext-me-erp-git-frappe:default: frappe.utils.background_jobs.execute_job(event=None, is_async=True, job_name='frappe.model.delete_doc.delete_dynamic_links', kwargs={'doctype': 'Property Setter', 'name': 'Purchase Receipt-in_words-hidden'}, method='frappe.model.delete_doc.delete_dynamic_links', site='erpnext.localhost', user='Administrator') (erpnext.localhost||9141c950-994b-4293-9916-55bd750fcbef)
2025-04-22 14:18:41,505 Successfully completed frappe.utils.background_jobs.execute_job(event=None, is_async=True, job_name='frappe.model.delete_doc.delete_dynamic_links', kwargs={'doctype': 'Property Setter', 'name': 'Purchase Receipt-in_words-hidden'}, method='frappe.model.delete_doc.delete_dynamic_links', site='erpnext.localhost', user='Administrator') job in 0:00:00.043485s on worker 1da0a337d6774d46ba8393ae54bacda0
2025-04-22 14:18:41,505 home-ninah-Eval-erp-ERPNext-me-erp-git-frappe:default: Job OK (erpnext.localhost||9141c950-994b-4293-9916-55bd750fcbef)
2025-04-22 14:18:41,505 Result is kept for 600 seconds
2025-04-22 14:18:41,510 home-ninah-Eval-erp-ERPNext-me-erp-git-frappe:default: frappe.utils.background_jobs.execute_job(event=None, is_async=True, job_name='frappe.model.delete_doc.delete_dynamic_links', kwargs={'doctype': 'Property Setter', 'name': 'Purchase Receipt-in_words-print_hid..., method='frappe.model.delete_doc.delete_dynamic_links', site='erpnext.localhost', user='Administrator') (erpnext.localhost||ab64a16a-73e6-4657-8c98-fd3adbedec8d)
2025-04-22 14:18:41,560 Successfully completed frappe.utils.background_jobs.execute_job(event=None, is_async=True, job_name='frappe.model.delete_doc.delete_dynamic_links', kwargs={'doctype': 'Property Setter', 'name': 'Purchase Receipt-in_words-print_hid..., method='frappe.model.delete_doc.delete_dynamic_links', site='erpnext.localhost', user='Administrator') job in 0:00:00.043340s on worker 1da0a337d6774d46ba8393ae54bacda0
2025-04-22 14:18:41,561 home-ninah-Eval-erp-ERPNext-me-erp-git-frappe:default: Job OK (erpnext.localhost||ab64a16a-73e6-4657-8c98-fd3adbedec8d)
2025-04-22 14:18:41,561 Result is kept for 600 seconds
2025-04-22 14:18:41,565 home-ninah-Eval-erp-ERPNext-me-erp-git-frappe:default: frappe.utils.background_jobs.execute_job(event=None, is_async=True, job_name='frappe.model.delete_doc.delete_dynamic_links', kwargs={'doctype': 'Property Setter', 'name': 'Item-naming_series-reqd'}, method='frappe.model.delete_doc.delete_dynamic_links', site='erpnext.localhost', user='Administrator') (erpnext.localhost||6362e655-0ee2-4e37-b59b-2dd49812d321)
2025-04-22 14:18:41,616 Successfully completed frappe.utils.background_jobs.execute_job(event=None, is_async=True, job_name='frappe.model.delete_doc.delete_dynamic_links', kwargs={'doctype': 'Property Setter', 'name': 'Item-naming_series-reqd'}, method='frappe.model.delete_doc.delete_dynamic_links', site='erpnext.localhost', user='Administrator') job in 0:00:00.043564s on worker 1da0a337d6774d46ba8393ae54bacda0
2025-04-22 14:18:41,616 home-ninah-Eval-erp-ERPNext-me-erp-git-frappe:default: Job OK (erpnext.localhost||6362e655-0ee2-4e37-b59b-2dd49812d321)
2025-04-22 14:18:41,616 Result is kept for 600 seconds
2025-04-22 14:18:41,621 home-ninah-Eval-erp-ERPNext-me-erp-git-frappe:default: frappe.utils.background_jobs.execute_job(event=None, is_async=True, job_name='frappe.model.delete_doc.delete_dynamic_links', kwargs={'doctype': 'Property Setter', 'name': 'Item-naming_series-hidden'}, method='frappe.model.delete_doc.delete_dynamic_links', site='erpnext.localhost', user='Administrator') (erpnext.localhost||6e823d5d-52c6-4d3d-b76d-d7d3eddac07a)
2025-04-22 14:18:41,672 Successfully completed frappe.utils.background_jobs.execute_job(event=None, is_async=True, job_name='frappe.model.delete_doc.delete_dynamic_links', kwargs={'doctype': 'Property Setter', 'name': 'Item-naming_series-hidden'}, method='frappe.model.delete_doc.delete_dynamic_links', site='erpnext.localhost', user='Administrator') job in 0:00:00.043589s on worker 1da0a337d6774d46ba8393ae54bacda0
2025-04-22 14:18:41,672 home-ninah-Eval-erp-ERPNext-me-erp-git-frappe:default: Job OK (erpnext.localhost||6e823d5d-52c6-4d3d-b76d-d7d3eddac07a)
2025-04-22 14:18:41,672 Result is kept for 600 seconds
2025-04-22 14:18:41,677 home-ninah-Eval-erp-ERPNext-me-erp-git-frappe:default: frappe.utils.background_jobs.execute_job(event=None, is_async=True, job_name='frappe.model.delete_doc.delete_dynamic_links', kwargs={'doctype': 'Property Setter', 'name': 'Item-item_code-hidden'}, method='frappe.model.delete_doc.delete_dynamic_links', site='erpnext.localhost', user='Administrator') (erpnext.localhost||1b4f30e9-8803-43e0-84f3-00935c6abf1a)
2025-04-22 14:18:41,727 Successfully completed frappe.utils.background_jobs.execute_job(event=None, is_async=True, job_name='frappe.model.delete_doc.delete_dynamic_links', kwargs={'doctype': 'Property Setter', 'name': 'Item-item_code-hidden'}, method='frappe.model.delete_doc.delete_dynamic_links', site='erpnext.localhost', user='Administrator') job in 0:00:00.043046s on worker 1da0a337d6774d46ba8393ae54bacda0
2025-04-22 14:18:41,727 home-ninah-Eval-erp-ERPNext-me-erp-git-frappe:default: Job OK (erpnext.localhost||1b4f30e9-8803-43e0-84f3-00935c6abf1a)
2025-04-22 14:18:41,727 Result is kept for 600 seconds
2025-04-22 14:18:41,732 home-ninah-Eval-erp-ERPNext-me-erp-git-frappe:default: frappe.utils.background_jobs.execute_job(event=None, is_async=True, job_name='frappe.model.delete_doc.delete_dynamic_links', kwargs={'doctype': 'Property Setter', 'name': 'Item-item_code-reqd'}, method='frappe.model.delete_doc.delete_dynamic_links', site='erpnext.localhost', user='Administrator') (erpnext.localhost||f019d5e4-65e7-4fc9-91f3-5ab786e1f2a7)
2025-04-22 14:18:41,784 Successfully completed frappe.utils.background_jobs.execute_job(event=None, is_async=True, job_name='frappe.model.delete_doc.delete_dynamic_links', kwargs={'doctype': 'Property Setter', 'name': 'Item-item_code-reqd'}, method='frappe.model.delete_doc.delete_dynamic_links', site='erpnext.localhost', user='Administrator') job in 0:00:00.045112s on worker 1da0a337d6774d46ba8393ae54bacda0
2025-04-22 14:18:41,785 home-ninah-Eval-erp-ERPNext-me-erp-git-frappe:default: Job OK (erpnext.localhost||f019d5e4-65e7-4fc9-91f3-5ab786e1f2a7)
2025-04-22 14:18:41,785 Result is kept for 600 seconds
2025-04-22 14:18:41,790 home-ninah-Eval-erp-ERPNext-me-erp-git-frappe:default: frappe.utils.background_jobs.execute_job(event=None, is_async=True, job_name='frappe.model.delete_doc.delete_dynamic_links', kwargs={'doctype': 'Property Setter', 'name': 'Sales Invoice Item-barcode-hidden'}, method='frappe.model.delete_doc.delete_dynamic_links', site='erpnext.localhost', user='Administrator') (erpnext.localhost||3e32e3be-4f3c-425a-b345-49216330180d)
2025-04-22 14:18:41,841 Successfully completed frappe.utils.background_jobs.execute_job(event=None, is_async=True, job_name='frappe.model.delete_doc.delete_dynamic_links', kwargs={'doctype': 'Property Setter', 'name': 'Sales Invoice Item-barcode-hidden'}, method='frappe.model.delete_doc.delete_dynamic_links', site='erpnext.localhost', user='Administrator') job in 0:00:00.044219s on worker 1da0a337d6774d46ba8393ae54bacda0
2025-04-22 14:18:41,841 home-ninah-Eval-erp-ERPNext-me-erp-git-frappe:default: Job OK (erpnext.localhost||3e32e3be-4f3c-425a-b345-49216330180d)
2025-04-22 14:18:41,841 Result is kept for 600 seconds
2025-04-22 14:18:41,846 home-ninah-Eval-erp-ERPNext-me-erp-git-frappe:default: frappe.utils.background_jobs.execute_job(event=None, is_async=True, job_name='frappe.model.delete_doc.delete_dynamic_links', kwargs={'doctype': 'Property Setter', 'name': 'POS Invoice Item-barcode-hidden'}, method='frappe.model.delete_doc.delete_dynamic_links', site='erpnext.localhost', user='Administrator') (erpnext.localhost||45d7fea0-d4c5-470b-bded-4c12b9e0d208)
2025-04-22 14:18:41,900 Successfully completed frappe.utils.background_jobs.execute_job(event=None, is_async=True, job_name='frappe.model.delete_doc.delete_dynamic_links', kwargs={'doctype': 'Property Setter', 'name': 'POS Invoice Item-barcode-hidden'}, method='frappe.model.delete_doc.delete_dynamic_links', site='erpnext.localhost', user='Administrator') job in 0:00:00.047068s on worker 1da0a337d6774d46ba8393ae54bacda0
2025-04-22 14:18:41,901 home-ninah-Eval-erp-ERPNext-me-erp-git-frappe:default: Job OK (erpnext.localhost||45d7fea0-d4c5-470b-bded-4c12b9e0d208)
2025-04-22 14:18:41,901 Result is kept for 600 seconds
2025-04-22 14:18:41,906 home-ninah-Eval-erp-ERPNext-me-erp-git-frappe:default: frappe.utils.background_jobs.execute_job(event=None, is_async=True, job_name='frappe.model.delete_doc.delete_dynamic_links', kwargs={'doctype': 'Property Setter', 'name': 'Job Card-barcode-hidden'}, method='frappe.model.delete_doc.delete_dynamic_links', site='erpnext.localhost', user='Administrator') (erpnext.localhost||4c3ace4b-71c0-4bdc-9791-fd22fb945b37)
2025-04-22 14:18:41,964 Successfully completed frappe.utils.background_jobs.execute_job(event=None, is_async=True, job_name='frappe.model.delete_doc.delete_dynamic_links', kwargs={'doctype': 'Property Setter', 'name': 'Job Card-barcode-hidden'}, method='frappe.model.delete_doc.delete_dynamic_links', site='erpnext.localhost', user='Administrator') job in 0:00:00.050723s on worker 1da0a337d6774d46ba8393ae54bacda0
2025-04-22 14:18:41,964 home-ninah-Eval-erp-ERPNext-me-erp-git-frappe:default: Job OK (erpnext.localhost||4c3ace4b-71c0-4bdc-9791-fd22fb945b37)
2025-04-22 14:18:41,964 Result is kept for 600 seconds
2025-04-22 14:18:41,970 home-ninah-Eval-erp-ERPNext-me-erp-git-frappe:default: frappe.utils.background_jobs.execute_job(event=None, is_async=True, job_name='frappe.model.delete_doc.delete_dynamic_links', kwargs={'doctype': 'Property Setter', 'name': 'Purchase Receipt Item-barcode-hidde..., method='frappe.model.delete_doc.delete_dynamic_links', site='erpnext.localhost', user='Administrator') (erpnext.localhost||d25dc36a-36ce-4ff3-b488-c13e487487a2)
2025-04-22 14:18:42,027 Successfully completed frappe.utils.background_jobs.execute_job(event=None, is_async=True, job_name='frappe.model.delete_doc.delete_dynamic_links', kwargs={'doctype': 'Property Setter', 'name': 'Purchase Receipt Item-barcode-hidde..., method='frappe.model.delete_doc.delete_dynamic_links', site='erpnext.localhost', user='Administrator') job in 0:00:00.048811s on worker 1da0a337d6774d46ba8393ae54bacda0
2025-04-22 14:18:42,028 home-ninah-Eval-erp-ERPNext-me-erp-git-frappe:default: Job OK (erpnext.localhost||d25dc36a-36ce-4ff3-b488-c13e487487a2)
2025-04-22 14:18:42,028 Result is kept for 600 seconds
2025-04-22 14:18:42,033 home-ninah-Eval-erp-ERPNext-me-erp-git-frappe:default: frappe.utils.background_jobs.execute_job(event=None, is_async=True, job_name='frappe.model.delete_doc.delete_dynamic_links', kwargs={'doctype': 'Property Setter', 'name': 'Stock Entry Detail-barcode-hidden'}, method='frappe.model.delete_doc.delete_dynamic_links', site='erpnext.localhost', user='Administrator') (erpnext.localhost||ad686f8d-6ac0-4b82-bf2f-6e2c630e1c5d)
2025-04-22 14:18:42,086 Successfully completed frappe.utils.background_jobs.execute_job(event=None, is_async=True, job_name='frappe.model.delete_doc.delete_dynamic_links', kwargs={'doctype': 'Property Setter', 'name': 'Stock Entry Detail-barcode-hidden'}, method='frappe.model.delete_doc.delete_dynamic_links', site='erpnext.localhost', user='Administrator') job in 0:00:00.046181s on worker 1da0a337d6774d46ba8393ae54bacda0
2025-04-22 14:18:42,087 home-ninah-Eval-erp-ERPNext-me-erp-git-frappe:default: Job OK (erpnext.localhost||ad686f8d-6ac0-4b82-bf2f-6e2c630e1c5d)
2025-04-22 14:18:42,087 Result is kept for 600 seconds
2025-04-22 14:18:42,092 home-ninah-Eval-erp-ERPNext-me-erp-git-frappe:default: frappe.utils.background_jobs.execute_job(event=None, is_async=True, job_name='frappe.model.delete_doc.delete_dynamic_links', kwargs={'doctype': 'Property Setter', 'name': 'Stock Reconciliation Item-barcode-h..., method='frappe.model.delete_doc.delete_dynamic_links', site='erpnext.localhost', user='Administrator') (erpnext.localhost||f951c813-5e7a-40bf-87c5-d2ee75e18d36)
2025-04-22 14:18:42,146 Successfully completed frappe.utils.background_jobs.execute_job(event=None, is_async=True, job_name='frappe.model.delete_doc.delete_dynamic_links', kwargs={'doctype': 'Property Setter', 'name': 'Stock Reconciliation Item-barcode-h..., method='frappe.model.delete_doc.delete_dynamic_links', site='erpnext.localhost', user='Administrator') job in 0:00:00.046281s on worker 1da0a337d6774d46ba8393ae54bacda0
2025-04-22 14:18:42,146 home-ninah-Eval-erp-ERPNext-me-erp-git-frappe:default: Job OK (erpnext.localhost||f951c813-5e7a-40bf-87c5-d2ee75e18d36)
2025-04-22 14:18:42,146 Result is kept for 600 seconds
2025-04-22 14:18:42,152 home-ninah-Eval-erp-ERPNext-me-erp-git-frappe:default: frappe.utils.background_jobs.execute_job(event=None, is_async=True, job_name='frappe.model.delete_doc.delete_dynamic_links', kwargs={'doctype': 'Property Setter', 'name': 'Item Barcode-barcode-hidden'}, method='frappe.model.delete_doc.delete_dynamic_links', site='erpnext.localhost', user='Administrator') (erpnext.localhost||73db48ca-ae51-4c87-9d19-876f15f0b298)
2025-04-22 14:18:42,205 Successfully completed frappe.utils.background_jobs.execute_job(event=None, is_async=True, job_name='frappe.model.delete_doc.delete_dynamic_links', kwargs={'doctype': 'Property Setter', 'name': 'Item Barcode-barcode-hidden'}, method='frappe.model.delete_doc.delete_dynamic_links', site='erpnext.localhost', user='Administrator') job in 0:00:00.046402s on worker 1da0a337d6774d46ba8393ae54bacda0
2025-04-22 14:18:42,206 home-ninah-Eval-erp-ERPNext-me-erp-git-frappe:default: Job OK (erpnext.localhost||73db48ca-ae51-4c87-9d19-876f15f0b298)
2025-04-22 14:18:42,206 Result is kept for 600 seconds
2025-04-22 14:18:42,211 home-ninah-Eval-erp-ERPNext-me-erp-git-frappe:default: frappe.utils.background_jobs.execute_job(event=None, is_async=True, job_name='frappe.model.delete_doc.delete_dynamic_links', kwargs={'doctype': 'Property Setter', 'name': 'Delivery Note Item-barcode-hidden'}, method='frappe.model.delete_doc.delete_dynamic_links', site='erpnext.localhost', user='Administrator') (erpnext.localhost||72d07037-fec1-4a6a-99ba-46cf9b9c64c5)
2025-04-22 14:18:42,263 Successfully completed frappe.utils.background_jobs.execute_job(event=None, is_async=True, job_name='frappe.model.delete_doc.delete_dynamic_links', kwargs={'doctype': 'Property Setter', 'name': 'Delivery Note Item-barcode-hidden'}, method='frappe.model.delete_doc.delete_dynamic_links', site='erpnext.localhost', user='Administrator') job in 0:00:00.045302s on worker 1da0a337d6774d46ba8393ae54bacda0
2025-04-22 14:18:42,264 home-ninah-Eval-erp-ERPNext-me-erp-git-frappe:default: Job OK (erpnext.localhost||72d07037-fec1-4a6a-99ba-46cf9b9c64c5)
2025-04-22 14:18:42,264 Result is kept for 600 seconds
2025-04-22 14:18:42,268 home-ninah-Eval-erp-ERPNext-me-erp-git-frappe:default: frappe.utils.background_jobs.execute_job(event=None, is_async=True, job_name='frappe.model.delete_doc.delete_dynamic_links', kwargs={'doctype': 'Property Setter', 'name': 'Item-barcodes-hidden'}, method='frappe.model.delete_doc.delete_dynamic_links', site='erpnext.localhost', user='Administrator') (erpnext.localhost||c7607009-ffaa-40ce-a482-db02f9a164e4)
2025-04-22 14:18:42,321 Successfully completed frappe.utils.background_jobs.execute_job(event=None, is_async=True, job_name='frappe.model.delete_doc.delete_dynamic_links', kwargs={'doctype': 'Property Setter', 'name': 'Item-barcodes-hidden'}, method='frappe.model.delete_doc.delete_dynamic_links', site='erpnext.localhost', user='Administrator') job in 0:00:00.045193s on worker 1da0a337d6774d46ba8393ae54bacda0
2025-04-22 14:18:42,321 home-ninah-Eval-erp-ERPNext-me-erp-git-frappe:default: Job OK (erpnext.localhost||c7607009-ffaa-40ce-a482-db02f9a164e4)
2025-04-22 14:18:42,321 Result is kept for 600 seconds
2025-04-22 14:18:42,326 home-ninah-Eval-erp-ERPNext-me-erp-git-frappe:default: frappe.utils.background_jobs.execute_job(event=None, is_async=True, job_name='frappe.model.delete_doc.delete_dynamic_links', kwargs={'doctype': 'Property Setter', 'name': 'Sales Invoice-scan_barcode-hidden'}, method='frappe.model.delete_doc.delete_dynamic_links', site='erpnext.localhost', user='Administrator') (erpnext.localhost||a13159b6-0f85-408d-a9dd-d2a79955861a)
2025-04-22 14:18:42,378 Successfully completed frappe.utils.background_jobs.execute_job(event=None, is_async=True, job_name='frappe.model.delete_doc.delete_dynamic_links', kwargs={'doctype': 'Property Setter', 'name': 'Sales Invoice-scan_barcode-hidden'}, method='frappe.model.delete_doc.delete_dynamic_links', site='erpnext.localhost', user='Administrator') job in 0:00:00.045299s on worker 1da0a337d6774d46ba8393ae54bacda0
2025-04-22 14:18:42,379 home-ninah-Eval-erp-ERPNext-me-erp-git-frappe:default: Job OK (erpnext.localhost||a13159b6-0f85-408d-a9dd-d2a79955861a)
2025-04-22 14:18:42,379 Result is kept for 600 seconds
2025-04-22 14:18:42,384 home-ninah-Eval-erp-ERPNext-me-erp-git-frappe:default: frappe.utils.background_jobs.execute_job(event=None, is_async=True, job_name='frappe.model.delete_doc.delete_dynamic_links', kwargs={'doctype': 'Property Setter', 'name': 'POS Invoice-scan_barcode-hidden'}, method='frappe.model.delete_doc.delete_dynamic_links', site='erpnext.localhost', user='Administrator') (erpnext.localhost||a201d4e1-1d27-410e-b70c-e2b8cb36744d)
2025-04-22 14:18:42,436 Successfully completed frappe.utils.background_jobs.execute_job(event=None, is_async=True, job_name='frappe.model.delete_doc.delete_dynamic_links', kwargs={'doctype': 'Property Setter', 'name': 'POS Invoice-scan_barcode-hidden'}, method='frappe.model.delete_doc.delete_dynamic_links', site='erpnext.localhost', user='Administrator') job in 0:00:00.044737s on worker 1da0a337d6774d46ba8393ae54bacda0
2025-04-22 14:18:42,436 home-ninah-Eval-erp-ERPNext-me-erp-git-frappe:default: Job OK (erpnext.localhost||a201d4e1-1d27-410e-b70c-e2b8cb36744d)
2025-04-22 14:18:42,436 Result is kept for 600 seconds
2025-04-22 14:18:42,441 home-ninah-Eval-erp-ERPNext-me-erp-git-frappe:default: frappe.utils.background_jobs.execute_job(event=None, is_async=True, job_name='frappe.model.delete_doc.delete_dynamic_links', kwargs={'doctype': 'Property Setter', 'name': 'Purchase Invoice-scan_barcode-hidde..., method='frappe.model.delete_doc.delete_dynamic_links', site='erpnext.localhost', user='Administrator') (erpnext.localhost||e7e26fcc-5f5b-4ae2-86e1-d5b94dcd4259)
2025-04-22 14:18:42,493 Successfully completed frappe.utils.background_jobs.execute_job(event=None, is_async=True, job_name='frappe.model.delete_doc.delete_dynamic_links', kwargs={'doctype': 'Property Setter', 'name': 'Purchase Invoice-scan_barcode-hidde..., method='frappe.model.delete_doc.delete_dynamic_links', site='erpnext.localhost', user='Administrator') job in 0:00:00.045110s on worker 1da0a337d6774d46ba8393ae54bacda0
2025-04-22 14:18:42,494 home-ninah-Eval-erp-ERPNext-me-erp-git-frappe:default: Job OK (erpnext.localhost||e7e26fcc-5f5b-4ae2-86e1-d5b94dcd4259)
2025-04-22 14:18:42,494 Result is kept for 600 seconds
2025-04-22 14:18:42,498 home-ninah-Eval-erp-ERPNext-me-erp-git-frappe:default: frappe.utils.background_jobs.execute_job(event=None, is_async=True, job_name='frappe.model.delete_doc.delete_dynamic_links', kwargs={'doctype': 'Property Setter', 'name': 'Purchase Order-scan_barcode-hidden'..., method='frappe.model.delete_doc.delete_dynamic_links', site='erpnext.localhost', user='Administrator') (erpnext.localhost||44cded51-24d3-4703-a173-571a71970d39)
2025-04-22 14:18:42,561 Successfully completed frappe.utils.background_jobs.execute_job(event=None, is_async=True, job_name='frappe.model.delete_doc.delete_dynamic_links', kwargs={'doctype': 'Property Setter', 'name': 'Purchase Order-scan_barcode-hidden'..., method='frappe.model.delete_doc.delete_dynamic_links', site='erpnext.localhost', user='Administrator') job in 0:00:00.055001s on worker 1da0a337d6774d46ba8393ae54bacda0
2025-04-22 14:18:42,562 home-ninah-Eval-erp-ERPNext-me-erp-git-frappe:default: Job OK (erpnext.localhost||44cded51-24d3-4703-a173-571a71970d39)
2025-04-22 14:18:42,562 Result is kept for 600 seconds
2025-04-22 14:18:42,569 home-ninah-Eval-erp-ERPNext-me-erp-git-frappe:default: frappe.utils.background_jobs.execute_job(event=None, is_async=True, job_name='frappe.model.delete_doc.delete_dynamic_links', kwargs={'doctype': 'Property Setter', 'name': 'Sales Order-scan_barcode-hidden'}, method='frappe.model.delete_doc.delete_dynamic_links', site='erpnext.localhost', user='Administrator') (erpnext.localhost||c641949a-eda8-40be-8bc1-b3754a9545ac)
2025-04-22 14:18:42,633 Successfully completed frappe.utils.background_jobs.execute_job(event=None, is_async=True, job_name='frappe.model.delete_doc.delete_dynamic_links', kwargs={'doctype': 'Property Setter', 'name': 'Sales Order-scan_barcode-hidden'}, method='frappe.model.delete_doc.delete_dynamic_links', site='erpnext.localhost', user='Administrator') job in 0:00:00.054970s on worker 1da0a337d6774d46ba8393ae54bacda0
2025-04-22 14:18:42,633 home-ninah-Eval-erp-ERPNext-me-erp-git-frappe:default: Job OK (erpnext.localhost||c641949a-eda8-40be-8bc1-b3754a9545ac)
2025-04-22 14:18:42,633 Result is kept for 600 seconds
2025-04-22 14:18:42,639 home-ninah-Eval-erp-ERPNext-me-erp-git-frappe:default: frappe.utils.background_jobs.execute_job(event=None, is_async=True, job_name='frappe.model.delete_doc.delete_dynamic_links', kwargs={'doctype': 'Property Setter', 'name': 'Quotation-scan_barcode-hidden'}, method='frappe.model.delete_doc.delete_dynamic_links', site='erpnext.localhost', user='Administrator') (erpnext.localhost||f5d200f5-a5db-4353-80da-703cdac1a64a)
2025-04-22 14:18:42,697 Successfully completed frappe.utils.background_jobs.execute_job(event=None, is_async=True, job_name='frappe.model.delete_doc.delete_dynamic_links', kwargs={'doctype': 'Property Setter', 'name': 'Quotation-scan_barcode-hidden'}, method='frappe.model.delete_doc.delete_dynamic_links', site='erpnext.localhost', user='Administrator') job in 0:00:00.049425s on worker 1da0a337d6774d46ba8393ae54bacda0
2025-04-22 14:18:42,697 home-ninah-Eval-erp-ERPNext-me-erp-git-frappe:default: Job OK (erpnext.localhost||f5d200f5-a5db-4353-80da-703cdac1a64a)
2025-04-22 14:18:42,697 Result is kept for 600 seconds
2025-04-22 14:18:42,703 home-ninah-Eval-erp-ERPNext-me-erp-git-frappe:default: frappe.utils.background_jobs.execute_job(event=None, is_async=True, job_name='frappe.model.delete_doc.delete_dynamic_links', kwargs={'doctype': 'Property Setter', 'name': 'Delivery Note-scan_barcode-hidden'}, method='frappe.model.delete_doc.delete_dynamic_links', site='erpnext.localhost', user='Administrator') (erpnext.localhost||18eabbc9-b336-417b-8c23-738f1dc5e183)
2025-04-22 14:18:42,759 Successfully completed frappe.utils.background_jobs.execute_job(event=None, is_async=True, job_name='frappe.model.delete_doc.delete_dynamic_links', kwargs={'doctype': 'Property Setter', 'name': 'Delivery Note-scan_barcode-hidden'}, method='frappe.model.delete_doc.delete_dynamic_links', site='erpnext.localhost', user='Administrator') job in 0:00:00.047761s on worker 1da0a337d6774d46ba8393ae54bacda0
2025-04-22 14:18:42,759 home-ninah-Eval-erp-ERPNext-me-erp-git-frappe:default: Job OK (erpnext.localhost||18eabbc9-b336-417b-8c23-738f1dc5e183)
2025-04-22 14:18:42,759 Result is kept for 600 seconds
2025-04-22 14:18:42,764 home-ninah-Eval-erp-ERPNext-me-erp-git-frappe:default: frappe.utils.background_jobs.execute_job(event=None, is_async=True, job_name='frappe.model.delete_doc.delete_dynamic_links', kwargs={'doctype': 'Property Setter', 'name': 'Pick List-scan_barcode-hidden'}, method='frappe.model.delete_doc.delete_dynamic_links', site='erpnext.localhost', user='Administrator') (erpnext.localhost||d1b3d93d-3635-4f23-8f09-0ef7493975ea)
2025-04-22 14:18:42,819 Successfully completed frappe.utils.background_jobs.execute_job(event=None, is_async=True, job_name='frappe.model.delete_doc.delete_dynamic_links', kwargs={'doctype': 'Property Setter', 'name': 'Pick List-scan_barcode-hidden'}, method='frappe.model.delete_doc.delete_dynamic_links', site='erpnext.localhost', user='Administrator') job in 0:00:00.047505s on worker 1da0a337d6774d46ba8393ae54bacda0
2025-04-22 14:18:42,819 home-ninah-Eval-erp-ERPNext-me-erp-git-frappe:default: Job OK (erpnext.localhost||d1b3d93d-3635-4f23-8f09-0ef7493975ea)
2025-04-22 14:18:42,819 Result is kept for 600 seconds
2025-04-22 14:18:42,824 home-ninah-Eval-erp-ERPNext-me-erp-git-frappe:default: frappe.utils.background_jobs.execute_job(event=None, is_async=True, job_name='frappe.model.delete_doc.delete_dynamic_links', kwargs={'doctype': 'Property Setter', 'name': 'Stock Reconciliation-scan_barcode-h..., method='frappe.model.delete_doc.delete_dynamic_links', site='erpnext.localhost', user='Administrator') (erpnext.localhost||066003cb-10c7-47ac-bd44-4c7aaf2205d2)
2025-04-22 14:18:42,879 Successfully completed frappe.utils.background_jobs.execute_job(event=None, is_async=True, job_name='frappe.model.delete_doc.delete_dynamic_links', kwargs={'doctype': 'Property Setter', 'name': 'Stock Reconciliation-scan_barcode-h..., method='frappe.model.delete_doc.delete_dynamic_links', site='erpnext.localhost', user='Administrator') job in 0:00:00.046388s on worker 1da0a337d6774d46ba8393ae54bacda0
2025-04-22 14:18:42,879 home-ninah-Eval-erp-ERPNext-me-erp-git-frappe:default: Job OK (erpnext.localhost||066003cb-10c7-47ac-bd44-4c7aaf2205d2)
2025-04-22 14:18:42,879 Result is kept for 600 seconds
2025-04-22 14:18:42,884 home-ninah-Eval-erp-ERPNext-me-erp-git-frappe:default: frappe.utils.background_jobs.execute_job(event=None, is_async=True, job_name='frappe.model.delete_doc.delete_dynamic_links', kwargs={'doctype': 'Property Setter', 'name': 'Stock Entry-scan_barcode-hidden'}, method='frappe.model.delete_doc.delete_dynamic_links', site='erpnext.localhost', user='Administrator') (erpnext.localhost||3da7d40e-30e6-4798-b3f0-013af4a5710c)
2025-04-22 14:18:42,939 Successfully completed frappe.utils.background_jobs.execute_job(event=None, is_async=True, job_name='frappe.model.delete_doc.delete_dynamic_links', kwargs={'doctype': 'Property Setter', 'name': 'Stock Entry-scan_barcode-hidden'}, method='frappe.model.delete_doc.delete_dynamic_links', site='erpnext.localhost', user='Administrator') job in 0:00:00.047157s on worker 1da0a337d6774d46ba8393ae54bacda0
2025-04-22 14:18:42,939 home-ninah-Eval-erp-ERPNext-me-erp-git-frappe:default: Job OK (erpnext.localhost||3da7d40e-30e6-4798-b3f0-013af4a5710c)
2025-04-22 14:18:42,939 Result is kept for 600 seconds
2025-04-22 14:18:42,944 home-ninah-Eval-erp-ERPNext-me-erp-git-frappe:default: frappe.utils.background_jobs.execute_job(event=None, is_async=True, job_name='frappe.model.delete_doc.delete_dynamic_links', kwargs={'doctype': 'Property Setter', 'name': 'Material Request-scan_barcode-hidde..., method='frappe.model.delete_doc.delete_dynamic_links', site='erpnext.localhost', user='Administrator') (erpnext.localhost||71630ef4-2dc1-45e1-a5be-6aa5a214474a)
2025-04-22 14:18:42,999 Successfully completed frappe.utils.background_jobs.execute_job(event=None, is_async=True, job_name='frappe.model.delete_doc.delete_dynamic_links', kwargs={'doctype': 'Property Setter', 'name': 'Material Request-scan_barcode-hidde..., method='frappe.model.delete_doc.delete_dynamic_links', site='erpnext.localhost', user='Administrator') job in 0:00:00.046892s on worker 1da0a337d6774d46ba8393ae54bacda0
2025-04-22 14:18:42,999 home-ninah-Eval-erp-ERPNext-me-erp-git-frappe:default: Job OK (erpnext.localhost||71630ef4-2dc1-45e1-a5be-6aa5a214474a)
2025-04-22 14:18:42,999 Result is kept for 600 seconds
2025-04-22 14:18:43,004 home-ninah-Eval-erp-ERPNext-me-erp-git-frappe:default: frappe.utils.background_jobs.execute_job(event=None, is_async=True, job_name='frappe.model.delete_doc.delete_dynamic_links', kwargs={'doctype': 'Property Setter', 'name': 'Purchase Receipt-scan_barcode-hidde..., method='frappe.model.delete_doc.delete_dynamic_links', site='erpnext.localhost', user='Administrator') (erpnext.localhost||60475f45-ad9d-4f72-a514-4051717d1705)
2025-04-22 14:18:43,060 Successfully completed frappe.utils.background_jobs.execute_job(event=None, is_async=True, job_name='frappe.model.delete_doc.delete_dynamic_links', kwargs={'doctype': 'Property Setter', 'name': 'Purchase Receipt-scan_barcode-hidde..., method='frappe.model.delete_doc.delete_dynamic_links', site='erpnext.localhost', user='Administrator') job in 0:00:00.047655s on worker 1da0a337d6774d46ba8393ae54bacda0
2025-04-22 14:18:43,060 home-ninah-Eval-erp-ERPNext-me-erp-git-frappe:default: Job OK (erpnext.localhost||60475f45-ad9d-4f72-a514-4051717d1705)
2025-04-22 14:18:43,060 Result is kept for 600 seconds
2025-04-22 14:18:43,065 home-ninah-Eval-erp-ERPNext-me-erp-git-frappe:default: frappe.utils.background_jobs.execute_job(event=None, is_async=True, job_name='frappe.model.delete_doc.delete_dynamic_links', kwargs={'doctype': 'Property Setter', 'name': 'Sales Invoice Item-target_warehouse..., method='frappe.model.delete_doc.delete_dynamic_links', site='erpnext.localhost', user='Administrator') (erpnext.localhost||be6c74d6-b5b6-42a1-85bb-ef1018c35d70)
2025-04-22 14:18:43,123 Successfully completed frappe.utils.background_jobs.execute_job(event=None, is_async=True, job_name='frappe.model.delete_doc.delete_dynamic_links', kwargs={'doctype': 'Property Setter', 'name': 'Sales Invoice Item-target_warehouse..., method='frappe.model.delete_doc.delete_dynamic_links', site='erpnext.localhost', user='Administrator') job in 0:00:00.050248s on worker 1da0a337d6774d46ba8393ae54bacda0
2025-04-22 14:18:43,124 home-ninah-Eval-erp-ERPNext-me-erp-git-frappe:default: Job OK (erpnext.localhost||be6c74d6-b5b6-42a1-85bb-ef1018c35d70)
2025-04-22 14:18:43,124 Result is kept for 600 seconds
2025-04-22 14:18:43,129 home-ninah-Eval-erp-ERPNext-me-erp-git-frappe:default: frappe.utils.background_jobs.execute_job(event=None, is_async=True, job_name='frappe.model.delete_doc.delete_dynamic_links', kwargs={'doctype': 'Property Setter', 'name': 'Delivery Note Item-target_warehouse..., method='frappe.model.delete_doc.delete_dynamic_links', site='erpnext.localhost', user='Administrator') (erpnext.localhost||6b069ba5-f136-4532-bdc4-81f843ef17c5)
2025-04-22 14:18:43,185 Successfully completed frappe.utils.background_jobs.execute_job(event=None, is_async=True, job_name='frappe.model.delete_doc.delete_dynamic_links', kwargs={'doctype': 'Property Setter', 'name': 'Delivery Note Item-target_warehouse..., method='frappe.model.delete_doc.delete_dynamic_links', site='erpnext.localhost', user='Administrator') job in 0:00:00.048274s on worker 1da0a337d6774d46ba8393ae54bacda0
2025-04-22 14:18:43,186 home-ninah-Eval-erp-ERPNext-me-erp-git-frappe:default: Job OK (erpnext.localhost||6b069ba5-f136-4532-bdc4-81f843ef17c5)
2025-04-22 14:18:43,186 Result is kept for 600 seconds
2025-04-22 14:18:43,191 home-ninah-Eval-erp-ERPNext-me-erp-git-frappe:default: frappe.utils.background_jobs.execute_job(event=None, is_async=True, job_name='frappe.model.delete_doc.delete_dynamic_links', kwargs={'doctype': 'Property Setter', 'name': 'Purchase Invoice Item-from_warehous..., method='frappe.model.delete_doc.delete_dynamic_links', site='erpnext.localhost', user='Administrator') (erpnext.localhost||840fb9e8-e36a-47aa-9097-677f2912379b)
2025-04-22 14:18:43,246 Successfully completed frappe.utils.background_jobs.execute_job(event=None, is_async=True, job_name='frappe.model.delete_doc.delete_dynamic_links', kwargs={'doctype': 'Property Setter', 'name': 'Purchase Invoice Item-from_warehous..., method='frappe.model.delete_doc.delete_dynamic_links', site='erpnext.localhost', user='Administrator') job in 0:00:00.047726s on worker 1da0a337d6774d46ba8393ae54bacda0
2025-04-22 14:18:43,247 home-ninah-Eval-erp-ERPNext-me-erp-git-frappe:default: Job OK (erpnext.localhost||840fb9e8-e36a-47aa-9097-677f2912379b)
2025-04-22 14:18:43,247 Result is kept for 600 seconds
2025-04-22 14:18:43,252 home-ninah-Eval-erp-ERPNext-me-erp-git-frappe:default: frappe.utils.background_jobs.execute_job(event=None, is_async=True, job_name='frappe.model.delete_doc.delete_dynamic_links', kwargs={'doctype': 'Property Setter', 'name': 'Purchase Receipt Item-from_warehous..., method='frappe.model.delete_doc.delete_dynamic_links', site='erpnext.localhost', user='Administrator') (erpnext.localhost||5c7411dc-de22-415e-b13b-157845d4af69)
2025-04-22 14:18:43,305 Successfully completed frappe.utils.background_jobs.execute_job(event=None, is_async=True, job_name='frappe.model.delete_doc.delete_dynamic_links', kwargs={'doctype': 'Property Setter', 'name': 'Purchase Receipt Item-from_warehous..., method='frappe.model.delete_doc.delete_dynamic_links', site='erpnext.localhost', user='Administrator') job in 0:00:00.046264s on worker 1da0a337d6774d46ba8393ae54bacda0
2025-04-22 14:18:43,306 home-ninah-Eval-erp-ERPNext-me-erp-git-frappe:default: Job OK (erpnext.localhost||5c7411dc-de22-415e-b13b-157845d4af69)
2025-04-22 14:18:43,306 Result is kept for 600 seconds
2025-04-22 14:32:13,411 Cleaning registries for queue: home-ninah-Eval-erp-ERPNext-me-erp-git-frappe:short
2025-04-22 14:32:13,413 Cleaning registries for queue: home-ninah-Eval-erp-ERPNext-me-erp-git-frappe:default
2025-04-22 14:32:13,414 Cleaning registries for queue: home-ninah-Eval-erp-ERPNext-me-erp-git-frappe:long
2025-04-22 14:45:43,521 Cleaning registries for queue: home-ninah-Eval-erp-ERPNext-me-erp-git-frappe:short
2025-04-22 14:45:43,558 Cleaning registries for queue: home-ninah-Eval-erp-ERPNext-me-erp-git-frappe:default
2025-04-22 14:45:43,559 Cleaning registries for queue: home-ninah-Eval-erp-ERPNext-me-erp-git-frappe:long
2025-04-22 14:59:13,749 Cleaning registries for queue: home-ninah-Eval-erp-ERPNext-me-erp-git-frappe:short
2025-04-22 14:59:13,760 Cleaning registries for queue: home-ninah-Eval-erp-ERPNext-me-erp-git-frappe:default
2025-04-22 14:59:13,761 Cleaning registries for queue: home-ninah-Eval-erp-ERPNext-me-erp-git-frappe:long
2025-04-22 15:12:43,907 Cleaning registries for queue: home-ninah-Eval-erp-ERPNext-me-erp-git-frappe:short
2025-04-22 15:12:43,909 Cleaning registries for queue: home-ninah-Eval-erp-ERPNext-me-erp-git-frappe:default
2025-04-22 15:12:43,910 Cleaning registries for queue: home-ninah-Eval-erp-ERPNext-me-erp-git-frappe:long
2025-04-22 15:26:14,053 Cleaning registries for queue: home-ninah-Eval-erp-ERPNext-me-erp-git-frappe:short
2025-04-22 15:26:14,055 Cleaning registries for queue: home-ninah-Eval-erp-ERPNext-me-erp-git-frappe:default
2025-04-22 15:26:14,056 Cleaning registries for queue: home-ninah-Eval-erp-ERPNext-me-erp-git-frappe:long
2025-04-22 15:39:44,203 Cleaning registries for queue: home-ninah-Eval-erp-ERPNext-me-erp-git-frappe:short
2025-04-22 15:39:44,204 Cleaning registries for queue: home-ninah-Eval-erp-ERPNext-me-erp-git-frappe:default
2025-04-22 15:39:44,205 Cleaning registries for queue: home-ninah-Eval-erp-ERPNext-me-erp-git-frappe:long
2025-04-22 15:53:14,247 Cleaning registries for queue: home-ninah-Eval-erp-ERPNext-me-erp-git-frappe:short
2025-04-22 15:53:14,248 Cleaning registries for queue: home-ninah-Eval-erp-ERPNext-me-erp-git-frappe:default
2025-04-22 15:53:14,249 Cleaning registries for queue: home-ninah-Eval-erp-ERPNext-me-erp-git-frappe:long
2025-04-22 16:06:44,299 Cleaning registries for queue: home-ninah-Eval-erp-ERPNext-me-erp-git-frappe:short
2025-04-22 16:06:44,301 Cleaning registries for queue: home-ninah-Eval-erp-ERPNext-me-erp-git-frappe:default
2025-04-22 16:06:44,302 Cleaning registries for queue: home-ninah-Eval-erp-ERPNext-me-erp-git-frappe:long
2025-04-22 16:20:14,395 Cleaning registries for queue: home-ninah-Eval-erp-ERPNext-me-erp-git-frappe:short
2025-04-22 16:20:14,396 Cleaning registries for queue: home-ninah-Eval-erp-ERPNext-me-erp-git-frappe:default
2025-04-22 16:20:14,398 Cleaning registries for queue: home-ninah-Eval-erp-ERPNext-me-erp-git-frappe:long
2025-04-22 16:33:44,547 Cleaning registries for queue: home-ninah-Eval-erp-ERPNext-me-erp-git-frappe:short
2025-04-22 16:33:44,549 Cleaning registries for queue: home-ninah-Eval-erp-ERPNext-me-erp-git-frappe:default
2025-04-22 16:33:44,549 Cleaning registries for queue: home-ninah-Eval-erp-ERPNext-me-erp-git-frappe:long
